{
    "fExposure": 0.44999998807907104,
    "fGamma": 1.4122999906539917,
    "fHDRMaxLuminance": 1000.0,
    "fRoughnessToMipFactor": 4.784999847412109,
    "fStrengthIBL": 0.24279999732971191,
    "iSpecularBaseMipLevel": 3,
    "iToneMappingFlag": 0
}