{
    "fExposure": 3.7367000579833984,
    "fGamma": 3.967400074005127,
    "fHDRMaxLuminance": 1000.0,
    "fRoughnessToMipFactor": 4.860899925231934,
    "fStrengthIBL": 0.0,
    "iSpecularBaseMipLevel": 1,
    "iToneMappingFlag": 2
}