{
    "fExposure": 1.0470000505447388,
    "fGamma": 2.2741000652313232,
    "fHDRMaxLuminance": 1000.0,
    "fRoughnessToMipFactor": 4.784999847412109,
    "fStrengthIBL": 0.9463000297546387,
    "iSpecularBaseMipLevel": 3,
    "iToneMappingFlag": 0
}