{
    "fExposure": 0.6909999847412109,
    "fGamma": 2.171999931335449,
    "fHDRMaxLuminance": 50.0,
    "fRoughnessToMipFactor": 7.317999839782715,
    "fStrengthIBL": 0.8769999742507935,
    "iSpecularBaseMipLevel": 2,
    "iToneMappingFlag": 0
}