{
    "ColorKeyFramesArray": [
        [
            {
                "A": 1.0,
                "B": 0.16078431904315948,
                "G": 0.0941176488995552,
                "R": 0.8392156958580017,
                "TimeRatio": 0.0
            },
            {
                "A": 1.0,
                "B": 0.07575143128633499,
                "G": 0.041810836642980576,
                "R": 0.4264705777168274,
                "TimeRatio": 0.5
            },
            {
                "A": 1.0,
                "B": 0.016291813924908638,
                "G": 0.009803918190300465,
                "R": 0.08333331346511841,
                "TimeRatio": 1.0
            }
        ],
        null
    ],
    "ShaderTexturePrototypeTags": [
        "Prototype_Component_Texture_FX_DebiMarleme_11",
        "Prototype_Component_Texture_Mask114",
        "Prototype_Component_Texture_Noise101",
        "",
        "",
        "",
        "",
        "",
        "",
        ""
    ],
    "WorldMatrix": {
        "Look": [
            -0.5970079898834229,
            -0.12155371159315109,
            0.3446826934814453,
            0.0
        ],
        "Position": [
            -0.25,
            1.899999976158142,
            8.800000190734863,
            1.0
        ],
        "Right": [
            -0.3648962676525116,
            0.23577699065208435,
            -0.5488715171813965,
            0.0
        ],
        "Up": [
            -0.029695676639676094,
            -0.9254165291786194,
            -0.377786248922348,
            0.0
        ]
    },
    "fBloomWeights": 2.378999948501587,
    "fBrightnessThreshold": 0.0,
    "fDelayTime": 0.3100000023841858,
    "fPlayTime": 1.0,
    "fScalingSpeedPerSec": 5.0,
    "iLightIndex": -1,
    "iPassIndex": 1,
    "isLoop": false,
    "isScaling": true,
    "strModelPrototypeTag": "Prototype_Component_Model_Effect_Bash1",
    "strShaderPrototypeTag": "Prototype_Component_Shader_Effect_Anim",
    "vScrollSpeedX": 0.0,
    "vScrollSpeedY": -4.116000175476074,
    "vTargetScale": {
        "X": 1.5,
        "Y": 1.0,
        "Z": 1.5
    },
    "vTurnSpeed": {
        "X": 0.0,
        "Y": 0.0,
        "Z": 0.0
    }
}