{
    "ColorKeyFramesArray": [
        [
            {
                "A": 1.0,
                "B": 0.16078431904315948,
                "G": 0.0941176488995552,
                "R": 0.8392156958580017,
                "TimeRatio": 0.0
            },
            {
                "A": 1.0,
                "B": 0.07575143128633499,
                "G": 0.041810836642980576,
                "R": 0.4264705777168274,
                "TimeRatio": 0.5
            },
            {
                "A": 1.0,
                "B": 0.02587524801492691,
                "G": 0.011678204871714115,
                "R": 0.13235294818878174,
                "TimeRatio": 0.800000011920929
            },
            {
                "A": 1.0,
                "B": 0.016291813924908638,
                "G": 0.009803918190300465,
                "R": 0.08333331346511841,
                "TimeRatio": 1.0
            }
        ],
        null
    ],
    "ShaderTexturePrototypeTags": [
        "Prototype_Component_Texture_FX_DebiMarleme_11",
        "Prototype_Component_Texture_Mask114",
        "Prototype_Component_Texture_Noise101",
        "",
        "",
        "",
        "",
        "",
        "",
        ""
    ],
    "WorldMatrix": {
        "Look": [
            0.4829629361629486,
            0.2588190734386444,
            0.8365163207054138,
            0.0
        ],
        "Position": [
            0.5,
            0.30000001192092896,
            1.850000023841858,
            1.0
        ],
        "Right": [
            0.7767114639282227,
            0.3144747018814087,
            -0.5457333922386169,
            0.0
        ],
        "Up": [
            -0.4043094217777252,
            0.9133008122444153,
            -0.04914810135960579,
            0.0
        ]
    },
    "fBloomWeights": 0.9390000104904175,
    "fBrightnessThreshold": 0.06400000303983688,
    "fDelayTime": 0.11999999731779099,
    "fPlayTime": 0.4000000059604645,
    "fScalingSpeedPerSec": 3.0,
    "iLightIndex": -1,
    "iPassIndex": 1,
    "isLoop": false,
    "isScaling": false,
    "strModelPrototypeTag": "Prototype_Component_Model_Effect_Bash1",
    "strShaderPrototypeTag": "Prototype_Component_Shader_Effect_Anim",
    "vScrollSpeedX": 0.0,
    "vScrollSpeedY": -3.6549999713897705,
    "vTargetScale": {
        "X": 1.0,
        "Y": 1.0,
        "Z": 1.0
    },
    "vTurnSpeed": {
        "X": 0.0,
        "Y": 0.0,
        "Z": 0.0
    }
}