{
    "ColorKeyFramesArray": [
        [
            {
                "A": 1.0,
                "B": 0.16078431904315948,
                "G": 0.0941176488995552,
                "R": 0.8392156958580017,
                "TimeRatio": 0.0
            },
            {
                "A": 1.0,
                "B": 0.07575143128633499,
                "G": 0.041810836642980576,
                "R": 0.4264705777168274,
                "TimeRatio": 0.5
            },
            {
                "A": 1.0,
                "B": 0.016291813924908638,
                "G": 0.009803918190300465,
                "R": 0.08333331346511841,
                "TimeRatio": 1.0
            }
        ],
        null
    ],
    "ShaderTexturePrototypeTags": [
        "Prototype_Component_Texture_FX_DebiMarleme_11",
        "Prototype_Component_Texture_Mask114",
        "Prototype_Component_Texture_Noise101",
        "",
        "",
        "",
        "",
        "",
        "",
        ""
    ],
    "WorldMatrix": {
        "Look": [
            0.604022741317749,
            0.3420201241970062,
            0.7198464274406433,
            0.0
        ],
        "Position": [
            1.2999999523162842,
            0.5,
            1.5,
            1.0
        ],
        "Right": [
            0.7162306308746338,
            0.16317588090896606,
            -0.6785184741020203,
            0.0
        ],
        "Up": [
            -0.34952858090400696,
            0.9254165887832642,
            -0.14640335738658905,
            0.0
        ]
    },
    "fBloomWeights": 2.750999927520752,
    "fBrightnessThreshold": 0.06400000303983688,
    "fDelayTime": 0.09000000357627869,
    "fPlayTime": 0.4000000059604645,
    "fScalingSpeedPerSec": 3.0,
    "iLightIndex": -1,
    "iPassIndex": 1,
    "isLoop": false,
    "isScaling": false,
    "strModelPrototypeTag": "Prototype_Component_Model_Effect_Bash1",
    "strShaderPrototypeTag": "Prototype_Component_Shader_Effect_Anim",
    "vScrollSpeedX": 0.0,
    "vScrollSpeedY": -3.1019999980926514,
    "vTargetScale": {
        "X": 1.5,
        "Y": 1.0,
        "Z": 1.5
    },
    "vTurnSpeed": {
        "X": 0.0,
        "Y": 0.0,
        "Z": 0.0
    }
}