{
    "ColorKeyFramesArray": [
        [
            {
                "A": 1.0,
                "B": 0.14705896377563477,
                "G": 0.0,
                "R": 1.0,
                "TimeRatio": 0.0
            },
            {
                "A": 1.0,
                "B": 0.20000000298023224,
                "G": 0.0235294122248888,
                "R": 0.886274516582489,
                "TimeRatio": 0.5
            },
            {
                "A": 1.0,
                "B": 0.0,
                "G": 0.0,
                "R": 0.0,
                "TimeRatio": 0.5099999904632568
            },
            {
                "A": 1.0,
                "B": 0.20588254928588867,
                "G": 0.0,
                "R": 1.0,
                "TimeRatio": 1.0
            }
        ],
        null
    ],
    "ShaderTexturePrototypeTags": [
        "Prototype_Component_Texture_FX_DebiMarleme_11",
        "Prototype_Component_Texture_Mask114",
        "Prototype_Component_Texture_Noise101",
        "",
        "",
        "",
        "",
        "",
        "",
        ""
    ],
    "WorldMatrix": {
        "Look": [
            0.10000001639127731,
            0.0,
            0.17320507764816284,
            0.0
        ],
        "Position": [
            0.699999988079071,
            0.10000000149011612,
            4.800000190734863,
            1.0
        ],
        "Right": [
            0.17057369649410248,
            0.03472963348031044,
            -0.09848079085350037,
            0.0
        ],
        "Up": [
            -0.15038372576236725,
            0.9848077893257141,
            0.08682407438755035,
            0.0
        ]
    },
    "fBloomWeights": 8.619999885559082,
    "fBrightnessThreshold": 0.03700000047683716,
    "fDelayTime": 0.20000000298023224,
    "fPlayTime": 0.4000000059604645,
    "fScalingSpeedPerSec": 5.0,
    "iLightIndex": -1,
    "iPassIndex": 1,
    "isLoop": false,
    "isScaling": false,
    "strModelPrototypeTag": "Prototype_Component_Model_Effect_Bash1",
    "strShaderPrototypeTag": "Prototype_Component_Shader_Effect_Anim",
    "vScrollSpeedX": 5.171999931335449,
    "vScrollSpeedY": -6.896999835968018,
    "vTargetScale": {
        "X": 1.0,
        "Y": 1.0,
        "Z": 1.0
    },
    "vTurnSpeed": {
        "X": 0.0,
        "Y": 0.0,
        "Z": 0.0
    }
}