{
    "ColorKeyFramesArray": [
        [
            {
                "A": 1.0,
                "B": 0.16078431904315948,
                "G": 0.0941176488995552,
                "R": 0.8392156958580017,
                "TimeRatio": 0.0
            },
            {
                "A": 1.0,
                "B": 0.07575143128633499,
                "G": 0.041810836642980576,
                "R": 0.4264705777168274,
                "TimeRatio": 0.5
            },
            {
                "A": 1.0,
                "B": 0.016291813924908638,
                "G": 0.009803918190300465,
                "R": 0.08333331346511841,
                "TimeRatio": 1.0
            }
        ],
        null
    ],
    "ShaderTexturePrototypeTags": [
        "Prototype_Component_Texture_FX_DebiMarleme_11",
        "Prototype_Component_Texture_Mask114",
        "Prototype_Component_Texture_Noise101",
        "",
        "",
        "",
        "",
        "",
        "",
        ""
    ],
    "WorldMatrix": {
        "Look": [
            -1.2793028354644775,
            -0.26047223806381226,
            0.7386057376861572,
            0.0
        ],
        "Position": [
            -0.4000000059604645,
            2.200000047683716,
            3.5,
            1.0
        ],
        "Right": [
            -0.7819206714630127,
            0.5052363872528076,
            -1.1761531829833984,
            0.0
        ],
        "Up": [
            -0.029695676639676094,
            -0.9254165291786194,
            -0.377786248922348,
            0.0
        ]
    },
    "fBloomWeights": 3.125,
    "fBrightnessThreshold": 0.06400000303983688,
    "fDelayTime": 0.3799999952316284,
    "fPlayTime": 0.5,
    "fScalingSpeedPerSec": 5.0,
    "iLightIndex": -1,
    "iPassIndex": 1,
    "isLoop": false,
    "isScaling": false,
    "strModelPrototypeTag": "Prototype_Component_Model_Effect_Bash1",
    "strShaderPrototypeTag": "Prototype_Component_Shader_Effect_Anim",
    "vScrollSpeedX": 0.0,
    "vScrollSpeedY": -4.460999965667725,
    "vTargetScale": {
        "X": 1.5,
        "Y": 1.0,
        "Z": 1.5
    },
    "vTurnSpeed": {
        "X": 0.0,
        "Y": 0.0,
        "Z": 0.0
    }
}