{
    "CutScene": [
        {
            "CutScene_Tag": "A",
            "Sector": [
                {
                    "KeyFrames": [
                        {
                            "AtOffset": [
                                0.0,
                                0.0,
                                0.0
                            ],
                            "At_RatioType": 0,
                            "Is_LookTarget": false,
                            "Position": [
                                -4.611263751983643,
                                2.736999988555908,
                                -2.631354808807373
                            ],
                            "TimeStamp": -1.0,
                            "Zoom_Level": 5,
                            "Zoom_RatioType": 0
                        },
                        {
                            "AtOffset": [
                                0.0,
                                0.0,
                                0.0
                            ],
                            "At_RatioType": 0,
                            "Is_LookTarget": true,
                            "Position": [
                                -3.829868793487549,
                                3.8359999656677246,
                                -0.38564300537109375
                            ],
                            "TimeStamp": 0.0,
                            "Zoom_Level": 5,
                            "Zoom_RatioType": 0
                        },
                        {
                            "AtOffset": [
                                0.0,
                                1.0,
                                0.0
                            ],
                            "At_RatioType": 0,
                            "Is_LookTarget": true,
                            "Position": [
                                -2.325294256210327,
                                4.736000061035156,
                                2.4287891387939453
                            ],
                            "TimeStamp": 1.0,
                            "Zoom_Level": 5,
                            "Zoom_RatioType": 0
                        },
                        {
                            "AtOffset": [
                                0.0,
                                -1.0,
                                0.0
                            ],
                            "At_RatioType": 0,
                            "Is_LookTarget": true,
                            "Position": [
                                -0.054274722933769226,
                                3.635999917984009,
                                3.3932619094848633
                            ],
                            "TimeStamp": 2.0,
                            "Zoom_Level": 5,
                            "Zoom_RatioType": 0
                        },
                        {
                            "AtOffset": [
                                0.0,
                                -1.0,
                                0.0
                            ],
                            "At_RatioType": 0,
                            "Is_LookTarget": true,
                            "Position": [
                                2.8040218353271484,
                                3.815999984741211,
                                3.3630542755126953
                            ],
                            "TimeStamp": 3.0,
                            "Zoom_Level": 5,
                            "Zoom_RatioType": 0
                        },
                        {
                            "AtOffset": [
                                0.0,
                                -1.0,
                                0.0
                            ],
                            "At_RatioType": 0,
                            "Is_LookTarget": true,
                            "Position": [
                                5.102613925933838,
                                4.236000061035156,
                                1.4727582931518555
                            ],
                            "TimeStamp": 4.0,
                            "Zoom_Level": 5,
                            "Zoom_RatioType": 0
                        },
                        {
                            "AtOffset": [
                                0.0,
                                -1.0,
                                0.0
                            ],
                            "At_RatioType": 0,
                            "Is_LookTarget": true,
                            "Position": [
                                5.352130889892578,
                                5.035999774932861,
                                -1.7910966873168945
                            ],
                            "TimeStamp": 5.0,
                            "Zoom_Level": 5,
                            "Zoom_RatioType": 0
                        }
                    ],
                    "Sector_Duration": 0.0,
                    "Sector_Type": 0
                }
            ]
        }
    ],
    "KeyFrame": [
        {
            "AtOffset": [
                0.0,
                0.0,
                0.0
            ],
            "At_RatioType": 0,
            "Is_LookTarget": false,
            "Position": [
                -4.611263751983643,
                2.736999988555908,
                -2.631354808807373
            ],
            "TimeStamp": -1.0,
            "Zoom_Level": 6,
            "Zoom_RatioType": 0
        },
        {
            "AtOffset": [
                0.0,
                0.0,
                0.0
            ],
            "At_RatioType": 0,
            "Is_LookTarget": true,
            "Position": [
                -3.829868793487549,
                3.8359999656677246,
                -0.38564300537109375
            ],
            "TimeStamp": 0.0,
            "Zoom_Level": 6,
            "Zoom_RatioType": 0
        },
        {
            "AtOffset": [
                0.0,
                1.0,
                0.0
            ],
            "At_RatioType": 0,
            "Is_LookTarget": true,
            "Position": [
                -2.325294256210327,
                4.736000061035156,
                2.4287891387939453
            ],
            "TimeStamp": 1.0,
            "Zoom_Level": 6,
            "Zoom_RatioType": 0
        },
        {
            "AtOffset": [
                0.0,
                -1.0,
                0.0
            ],
            "At_RatioType": 0,
            "Is_LookTarget": true,
            "Position": [
                -0.054274722933769226,
                3.635999917984009,
                3.3932619094848633
            ],
            "TimeStamp": 2.0,
            "Zoom_Level": 6,
            "Zoom_RatioType": 0
        },
        {
            "AtOffset": [
                0.0,
                -1.0,
                0.0
            ],
            "At_RatioType": 0,
            "Is_LookTarget": true,
            "Position": [
                2.8040218353271484,
                3.815999984741211,
                3.3630542755126953
            ],
            "TimeStamp": 3.0,
            "Zoom_Level": 6,
            "Zoom_RatioType": 0
        },
        {
            "AtOffset": [
                0.0,
                -1.0,
                0.0
            ],
            "At_RatioType": 0,
            "Is_LookTarget": true,
            "Position": [
                5.102613925933838,
                4.236000061035156,
                1.4727582931518555
            ],
            "TimeStamp": 4.0,
            "Zoom_Level": 6,
            "Zoom_RatioType": 0
        },
        {
            "AtOffset": [
                0.0,
                -1.0,
                0.0
            ],
            "At_RatioType": 0,
            "Is_LookTarget": true,