{
    "Emitters": [
        {
            "Buffer": {
                "Color": {
                    "Arg1": [
                        1.0,
                        1.0,
                        1.0,
                        1.5
                    ],
                    "Arg2": [
                        1.0,
                        1.0,
                        1.0,
                        1.0
                    ],
                    "SetType": "DIRECTSET"
                },
                "Count": 4,
                "LifeTime": {
                    "Arg1": 0.30000001192092896,
                    "Arg2": 0.0,
                    "SetType": "DIRECTSET"
                },
                "Position": {
                    "Arg1": [
                        0.0,
                        0.0,
                        0.0
                    ],
                    "Arg2": [
                        0.0,
                        0.0,
                        0.0
                    ],
                    "SetType": "UNSET"
                },
                "Rotation": {
                    "Arg1": [
                        0.0,
                        0.0,
                        0.0
                    ],
                    "Arg2": [
                        0.0,
                        0.0,
                        0.0
                    ],
                    "SetType": "UNSET"
                },
                "Scale": {
                    "Arg1": [
                        1.100000023841858,
                        1.100000023841858,
                        1.0
                    ],
                    "Arg2": [
                        1.399999976158142,
                        1.399999976158142,
                        1.0
                    ],
                    "SetType": "RANDOMLINEAR"
                },
                "ShapeLocation": {
                    "Position": [
                        0.0,
                        0.0,
                        0.0
                    ],
                    "Rotation": [
                        0.0,
                        0.0,
                        0.0
                    ],
                    "Scale": [
                        1.0,
                        1.0,
                        1.0
                    ],
                    "Shape": "NONE"
                },
                "UVSet": {
                    "Count": 1.0,
                    "UV": [
                        1.0,
                        1.0
                    ]
                }
            },
            "DelayTime": 0.07999999821186066,
            "DissolveTexture": "../Bin/Resources/Textures/Effects/T_FX_CMN_Noise_05_s.dds",
            "Event": 0,
            "Float": [
                {
                    "Name": "AlphaTest",
                    "Value": 0.0
                },
                {
                    "Name": "BloomThreshold",
                    "Value": 0.0
                },
                {
                    "Name": "ColorScale",
                    "Value": 1.0
                },
                {
                    "Name": "DissolveFactor",
                    "Value": 0.0
                },
                {
                    "Name": "DissolveTimeFactor",
                    "Value": 1.0
                },
                {
                    "Name": "EdgeWidth",
                    "Value": 0.20000000298023224
                },
                {
                    "Name": "MaskBrightness",
                    "Value": 0.0
                },
                {
                    "Name": "SpawnRate",
                    "Value": 1.0
                }
            ],
            "Float4": [
                {
                    "Name": "ColorIntensity",
                    "Value": [
                        0.0,
                        0.0,
                        0.0,
                        0.0
                    ]
                },
                {
                    "Name": "EdgeColor",
                    "Value": [
                        0.0,
                        0.10000000149011612,
                        1.0,
                        0.0
                    ]
                },
                {
                    "Name": "NoiseUVScale",
                    "Value": [
                        1.0,
                        1.0,
                        1.0,
                        1.0
                    ]
                },
                {
                    "Name": "SubColor",
                    "Value": [
                        0.0,
                        9.999999747378752e-05,
                        0.10000000149011612,
                        0.0
                    ]
                }
            ],
            "LoopTime": 1,
            "Modules": [
                {
                    "Apply": "UV",
                    "Datas": {
                        "Float2": [
                            {
                                "Name": "Count",
                                "Value": [
                                    8.0,
                                    8.0
                                ]
                            },
                            {
                                "Name": "UVSize",
                                "Value": [
                                    0.125,
                                    0.125
                                ]
                            }
                        ]
                    },
                    "Init": false,
                    "Module": "UV_ANIM",
                    "Order": 0,
                    "Type": "MODULE_UV"
                }
            ],
            "Pooling": "KILL",
            "ShaderPass": "DISSOLVE_SUBCOLORBLOOM",
            "SpawnPosition": "RELATIVE_WORLD",
            "SpawnType": "BURST_SPAWN",
            "Texture": "../Bin/Resources/Textures/Effects/T_FX_CMN_Explosion8x8_02_D.dds",
            "Time": 0.5,
            "Transform": [
                1.0,
                0.0,
                0.0,
                0.0,
                0.0,
                1.0,
                0.0,
                0.0,
                0.0,
                0.0,
                1.0,
                0.0,
                0.0,
                0.0,
                0.0,
                1.0
            ],
            "Type": "SPRITE"
        },
        {
            "Color": [
                1.0,
                1.0,
                1.0,
                1.0
            ],
            "DelayTime": 0.07999999821186066,
            "Event": 0,
            "Float": [
                {
                    "Name": "AlphaTest",
                    "Value": 0.009999999776482582
                },
                {
                    "Name": "BloomThreshold",
                    "Value": 0.0
                },
                {
                    "Name": "DissolveEdge",
                    "Value": 0.15000000596046448
                },
                {
                    "Name": "DissolveFactor",
                    "Value": 0.0
                },
                {
                    "Name": "DissolveTimeFactor",
                    "Value": 3.0
                }
            ],
            "Float4": [
                {
                    "Name": "DissolveEdgeColor",
                    "Value": [
                        0.0,
                        0.10000000149011612,
                        1.0,
                        0.0
                    ]
                },
                {
                    "Name": "MaskUVScale",
                    "Value": [
                        1.0,
                        1.0,
                        0.0,
                        0.0
                    ]
                },
                {
                    "Name": "NoiseUVScale",