{
  "ColorKeyFramesArray": [
    [
      {
        "A": 0.3921568691730499,
        "B": 0.9254902005195618,
        "G": 0.9254902005195618,
        "R": 0.9254902005195618,
        "TimeRatio": 0.0
      }
    ],
    null
  ],
  "ShaderTexturePrototypeTags": [
    "Prototype_Component_Texture_Path003Exclude",
    "Prototype_Component_Texture_Noise101",
    "Prototype_Component_Texture_FX_Noise_DebiMarleme_4",
    "",
    "",
    "",
    "",
    "",
    "",
    ""
  ],
  "WorldMatrix": {
    "Look": [
      -0.0,
      1.0,
      -1.1920930376163597e-07,
      0.0
    ],
    "Position": [
      -0.20000000298023224,
      1.100000023841858,
      0.8999999761581421,
      1.0
    ],
    "Right": [
      1.0,
      -0.0,
      -0.0,
      0.0
    ],
    "Up": [
      -0.0,
      -1.1920930376163597e-07,
      -1.0,
      0.0
    ]
  },
  "fBloomWeights": 0.1379999965429306,
  "fBrightnessThreshold": 0.9779999852180481,
  "fDelayTime": 0.12999999523162842,
  "fPlayTime": 0.3499999940395355,
  "fScalingSpeedPerSec": 5.0,
  "iLightIndex": -1,
  "iPassIndex": 3,
  "isLoop": false,
  "isUpdateParentMatrix": true,
  "isScaling": false,
  "strModelPrototypeTag": "Prototype_Component_Model_Huan405",
  "strShaderPrototypeTag": "Prototype_Component_Shader_Effect",
  "vScrollSpeedX": 0.0,
  "vScrollSpeedY": 3.867000102996826,
  "vTargetScale": {
    "X": 1.0,
    "Y": 1.0,
    "Z": 1.0
  },
  "vTurnSpeed": {
    "X": 0.0,
    "Y": 0.0,
    "Z": 0.0
  }
}