{
    "ColorKeyFramesArray": [
        [
            {
                "A": 1.0,
                "B": 0.019607843831181526,
                "G": 0.019607843831181526,
                "R": 0.5254902243614197,
                "TimeRatio": 0.0
            },
            {
                "A": 1.0,
                "B": 0.12156862765550613,
                "G": 0.12156862765550613,
                "R": 1.0,
                "TimeRatio": 0.5
            },
            {
                "A": 1.0,
                "B": 0.11952143907546997,
                "G": 0.034313738346099854,
                "R": 1.0,
                "TimeRatio": 1.0
            }
        ],
        null
    ],
    "ShaderTexturePrototypeTags": [
        "Prototype_Component_Texture_Path046",
        "",
        "",
        "",
        "",
        "",
        "",
        "",
        "",
        ""
    ],
    "WorldMatrix": {
        "Look": [
            -0.0,
            -5.0,
            -5.960465045973251e-07,
            0.0
        ],
        "Position": [
            0.0,
            1.1,
            1.0,
            1.0
        ],
        "Right": [
            0.009999999776482582,
            -0.0,
            0.0,
            0.0
        ],
        "Up": [
            0.0,
            -5.960465045973251e-07,
            5.0,
            0.0
        ]
    },
    "fBloomWeights": 2.0840001106262207,
    "fBrightnessThreshold": 0.09700000286102295,
    "fDelayTime": 0.10000000149011612,
    "fDropSpeed": 0.0,
    "fDropTargetYPos": 0.0,
    "fPlayTime": 1.05,
    "fScalingSpeedPerSec": 0.05000000074505806,
    "iLightIndex": -1,
    "iPassIndex": 0,
    "isLoop": false,
    "isBillboard": false,
    "isScaling": false,
    "isUpdateParentMatrix": true,
    "strModelPrototypeTag": "Prototype_Component_Model_Billboard",
    "strShaderPrototypeTag": "Prototype_Component_Shader_Effect",
    "vScrollSpeedX": 0.0,
    "vScrollSpeedY": 0.0,
    "vTargetScale": {
        "X": 0.029999999329447746,
        "Y": 5.0,
        "Z": 5.0
    },
    "vTurnSpeed": {
        "X": 0.0,
        "Y": 0.0,
        "Z": 0.0
    }
}