{
    "ColorKeyFramesArray": [
        [
            {
                "A": 1.0,
                "B": 1.0,
                "G": 0.9100346565246582,
                "R": 0.7647058963775635,
                "TimeRatio": 0.0
            },
            {
                "A": 1.0,
                "B": 1.0,
                "G": 0.8049307465553284,
                "R": 0.3970588445663452,
                "TimeRatio": 0.20000000298023224
            },
            {
                "A": 1.0,
                "B": 1.0,
                "G": 0.9302191138267517,
                "R": 0.7843137383460999,
                "TimeRatio": 0.25
            }
        ],
        null
    ],
    "ShaderTexturePrototypeTags": [
        "Prototype_Component_Texture_Path040",
        "Prototype_Component_Texture_FX_DebiMarleme_18",
        "",
        "",
        "",
        "",
        "",
        "",
        "",
        ""
    ],
    "WorldMatrix": {
        "Look": [
            -0.0,
            -0.8485282063484192,
            -0.8485280871391296,
            0.0
        ],
        "Position": [
            0.0,
            0.0,
            0.0,
            1.0
        ],
        "Right": [
            1.2000000476837158,
            -0.0,
            0.0,
            0.0
        ],
        "Up": [
            0.0,
            -0.8485280871391296,
            0.8485282063484192,
            0.0
        ]
    },
    "fBloomWeights": 3.9619998931884766,
    "fBrightnessThreshold": 0.13600000739097595,
    "fDelayTime": 0.0,
    "fDropSpeed": 0.0,
    "fDropTargetYPos": 0.0,
    "fPlayTime": 0.30000001192092896,
    "fScalingSpeedPerSec": 0.0,
    "iLightIndex": -1,
    "iPassIndex": 2,
    "isLoop": false,
    "isScaling": false,
    "isUpdateParentMatrix": false,
    "strModelPrototypeTag": "Prototype_Component_Model_R3LiangQiangkou",
    "strShaderPrototypeTag": "Prototype_Component_Shader_Effect",
    "vScrollSpeedX": 5.191999912261963,
    "vScrollSpeedY": 0.0,
    "vTargetScale": {
        "X": 1.2000000476837158,
        "Y": 1.2000000476837158,
        "Z": 1.2000000476837158
    },
    "vTurnSpeed": {
        "X": 0.0,
        "Y": 0.0,
        "Z": 0.0
    }
}