{
    "ColorKeyFramesArray": [
        [
            {
                "A": 1.0,
                "B": 0.800000011920929,
                "G": 0.7921568751335144,
                "R": 0.7490196228027344,
                "TimeRatio": 0.0
            },
            {
                "A": 0.0,
                "B": 0.800000011920929,
                "G": 0.7921568751335144,
                "R": 0.7490196228027344,
                "TimeRatio": 1.0
            }
        ],
        null
    ],
    "ShaderTexturePrototypeTags": [
        "Prototype_Component_Texture_Baodian105",
        "Prototype_Component_Texture_Noise104",
        "",
        "",
        "",
        "",
        "",
        "",
        "",
        ""
    ],
    "WorldMatrix": {
        "Look": [
            -0.0,
            -1.000000238418579,
            -1.7320506572723389,
            0.0
        ],
        "Position": [
            0.5,
            0.0,
            0.0,
            1.0
        ],
        "Right": [
            -2.3841863594498136e-07,
            -1.7320506572723389,
            1.0000003576278687,
            0.0
        ],
        "Up": [
            -2.0,
            2.0647654253025394e-07,
            -1.192093321833454e-07,
            0.0
        ]
    },
    "fBloomWeights": 3.305999994277954,
    "fBrightnessThreshold": 1.0,
    "fDelayTime": 0.0,
    "fDropSpeed": 0.0,
    "fDropTargetYPos": 0.0,
    "fPlayTime": 0.20000000298023224,
    "fScalingSpeedPerSec": 0.0,
    "iLightIndex": -1,
    "iPassIndex": 2,
    "isLoop": false,
    "isScaling": false,
    "isUpdateParentMatrix": false,
    "strModelPrototypeTag": "Prototype_Component_Model_Yuan02",
    "strShaderPrototypeTag": "Prototype_Component_Shader_Effect",
    "vScrollSpeedX": -0.5460000038146973,
    "vScrollSpeedY": 4.099999904632568,
    "vTargetScale": {
        "X": 2.0,
        "Y": 2.0,
        "Z": 2.0
    },
    "vTurnSpeed": {
        "X": 0.0,
        "Y": 0.0,
        "Z": 0.0
    }
}