{
    "ColorKeyFramesArray": [
        [
            {
                "A": 0.0,
                "B": 1.0,
                "G": 0.8985005617141724,
                "R": 0.7843137383460999,
                "TimeRatio": 0.0
            },
            {
                "A": 1.0,
                "B": 1.0,
                "G": 0.7352942228317261,
                "R": 0.47058820724487305,
                "TimeRatio": 0.10000000149011612
            }
        ],
        null
    ],
    "ShaderTexturePrototypeTags": [
        "Prototype_Component_Texture_Wenli401R",
        "",
        "",
        "",
        "",
        "",
        "",
        "",
        "",
        ""
    ],
    "WorldMatrix": {
        "Look": [
            -1.0,
            0.0,
            -1.1920930376163597e-07,
            0.0
        ],
        "Position": [
            0.0,
            0.25,
            1.2,
            1.0
        ],
        "Right": [
            -1.1920930376163597e-07,
            0.0,
            1.0,
            0.0
        ],
        "Up": [
            0.0,
            1.0,
            -0.0,
            0.0
        ]
    },
    "fBloomWeights": 4.581999778747559,
    "fBrightnessThreshold": 0.14499999582767487,
    "fDelayTime": 0.0,
    "fDropSpeed": 0.0,
    "fDropTargetYPos": 0.0,
    "fPlayTime": 0.15000000715255737,
    "fScalingSpeedPerSec": 0.0,
    "iLightIndex": -1,
    "iPassIndex": 2,
    "isLoop": false,
    "isScaling": false,
    "isUpdateParentMatrix": true,
    "strModelPrototypeTag": "Prototype_Component_Model_Fxr3luxiya11",
    "strShaderPrototypeTag": "Prototype_Component_Shader_Effect",
    "vScrollSpeedX": -2.7330000400543213,
    "vScrollSpeedY": -2.4579999446868896,
    "vTargetScale": {
        "X": 1.0,
        "Y": 1.0,
        "Z": 1.0
    },
    "vTurnSpeed": {
        "X": 0.0,
        "Y": 0.0,
        "Z": 0.0
    }
}