{
    "ColorKeyFramesArray": [
        [
            {
                "A": 1.0,
                "B": 1.0,
                "G": 0.9596309065818787,
                "R": 0.8627451062202454,
                "TimeRatio": 0.0
            }
        ],
        null
    ],
    "ShaderTexturePrototypeTags": [
        "Prototype_Component_Texture_Liuguang021",
        "",
        "",
        "",
        "",
        "",
        "",
        "",
        "",
        ""
    ],
    "WorldMatrix": {
        "Look": [
            0.0,
            0.0,
            0.10000000149011612,
            0.0
        ],
        "Position": [
            0.5,
            0.0,
            0.0,
            1.0
        ],
        "Right": [
            -5.960465454535324e-09,
            -0.05000000074505806,
            0.0,
            0.0
        ],
        "Up": [
            0.10000000149011612,
            -1.1920930909070648e-08,
            -0.0,
            0.0
        ]
    },
    "fBloomWeights": 0.0,
    "fBrightnessThreshold": 0.0,
    "fDelayTime": 0.0,
    "fDropSpeed": 0.0,
    "fDropTargetYPos": 0.0,
    "fPlayTime": 0.05000000074505806,
    "fScalingSpeedPerSec": 0.0,
    "iLightIndex": -1,
    "iPassIndex": 2,
    "isLoop": false,
    "isScaling": false,
    "isUpdateParentMatrix": false,
    "strModelPrototypeTag": "Prototype_Component_Model_Boss0205",
    "strShaderPrototypeTag": "Prototype_Component_Shader_Effect",
    "vScrollSpeedX": 0.0010000000474974513,
    "vScrollSpeedY": 1.6369999647140503,
    "vTargetScale": {
        "X": 0.05000000074505806,
        "Y": 0.10000000149011612,
        "Z": 0.10000000149011612
    },
    "vTurnSpeed": {
        "X": 0.0,
        "Y": 0.0,
        "Z": 0.0
    }
}