{
  "ColorKeyFramesArray": [
    [
      {
        "A": 1.0,
        "B": 0.0,
        "G": 0.0,
        "R": 0.0,
        "TimeRatio": 0.0
      },
      {
        "A": 1.0,
        "B": 0.011101502925157547,
        "G": 0.011101502925157547,
        "R": 0.20588237047195435,
        "TimeRatio": 0.20000000298023224
      },
      {
        "A": 1.0,
        "B": 0.11495020985603333,
        "G": 0.059688590466976166,
        "R": 0.529411792755127,
        "TimeRatio": 0.30000001192092896
      },
      {
        "A": 1.0,
        "B": 0.027450980618596077,
        "G": 0.027450980618596077,
        "R": 0.6078431606292725,
        "TimeRatio": 0.4000000059604645
      }
    ],
    null
  ],
  "ShaderTexturePrototypeTags": [
    "Prototype_Component_Texture_Liuguang001 #1306690",
    "",
    "",
    "",
    "",
    "",
    "",
    "",
    "",
    ""
  ],
  "WorldMatrix": {
    "Look": [
      -6.658753395080566,
      1.21553635597229,
      1.7842077016830444,
      0.0
    ],
    "Position": [
      0.0,
      1.0,
      0.0,
      1.0
    ],
    "Right": [
      1.811730980873108,
      0.0,
      6.761471748352051,
      0.0
    ],
    "Up": [
      0.16773124039173126,
      0.9848077297210693,
      -0.04494345188140869,
      0.0
    ]
  },
  "fBloomWeights": 2.492000102996826,
  "fBrightnessThreshold": 0.0,
  "fDelayTime": 0.7,
  "fPlayTime": 0.5,
  "fScalingSpeedPerSec": 0.0,
  "iLightIndex": -1,
  "iPassIndex": 2,
  "isLoop": false,
  "isUpdateParentMatrix": true,
  "isScaling": true,
  "strModelPrototypeTag": "Prototype_Component_Model_Daoguang006",
  "strShaderPrototypeTag": "Prototype_Component_Shader_Effect",
  "vScrollSpeedX": 4.4019999504089355,
  "vScrollSpeedY": -0.0,
  "vTargetScale": {
    "X": 1.0,
    "Y": 1.0,
    "Z": 1.0
  },
  "vTurnSpeed": {
    "X": 0.0,
    "Y": 0.0,
    "Z": 0.0
  }
}