{
    "ColorKeyFramesArray": [
        [
            {
                "A": 1.0,
                "B": 0.7148212194442749,
                "G": 0.8261923789978027,
                "R": 0.9852941036224365,
                "TimeRatio": 0.0
            },
            {
                "A": 1.0,
                "B": 0.10697808116674423,
                "G": 0.14653301239013672,
                "R": 0.779411792755127,
                "TimeRatio": 0.10000000149011612
            },
            {
                "A": 0.0,
                "B": 0.0,
                "G": 0.0,
                "R": 0.0,
                "TimeRatio": 1.0
            }
        ],
        null
    ],
    "ShaderTexturePrototypeTags": [
        "Prototype_Component_Texture_Path040",
        "",
        "",
        "",
        "",
        "",
        "",
        "",
        "",
        ""
    ],
    "WorldMatrix": {
        "Look": [
            0.0,
            0.0,
            1.0,
            0.0
        ],
        "Position": [
            0.0,
            1.600000023841858,
            0.20000000298023224,
            1.0
        ],
        "Right": [
            0.4999999403953552,
            -0.866025447845459,
            -0.0,
            0.0
        ],
        "Up": [
            0.043301280587911606,
            0.02500000037252903,
            0.0,
            0.0
        ]
    },
    "fBloomWeights": 1.3220000267028809,
    "fBrightnessThreshold": 0.32899999618530273,
    "fDelayTime": 0.0,
    "fDropSpeed": 0.0,
    "fDropTargetYPos": 0.0,
    "fPlayTime": 0.3,
    "fScalingSpeedPerSec": 0.0,
    "iLightIndex": -1,
    "iPassIndex": 0,
    "isLoop": false,
    "isScaling": true,
    "isUpdateParentMatrix": true,
    "strModelPrototypeTag": "Prototype_Component_Model_Billboard",
    "strShaderPrototypeTag": "Prototype_Component_Shader_Effect",
    "vScrollSpeedX": 0.0,
    "vScrollSpeedY": 0.0,
    "vTargetScale": {
        "X": 1.0,
        "Y": 0.05000000074505806,
        "Z": 1.0
    },
    "vTurnSpeed": {
        "X": 0.0,
        "Y": 0.0,
        "Z": 0.0
    }
}