{
    "ColorKeyFramesArray": [
        [
            {
                "A": 0.0,
                "B": 0.7892156839370728,
                "G": 0.7892156839370728,
                "R": 1.0,
                "TimeRatio": 0.0
            },
            {
                "A": 1.0,
                "B": 0.05514704808592796,
                "G": 0.05514704808592796,
                "R": 0.6617647409439087,
                "TimeRatio": 0.15000000596046448
            },
            {
                "A": 1.0,
                "B": 0.03652441129088402,
                "G": 0.03652441129088402,
                "R": 0.46568626165390015,
                "TimeRatio": 0.20000000298023224
            },
            {
                "A": 0.0,
                "B": 0.0,
                "G": 0.0,
                "R": 0.0,
                "TimeRatio": 1.0
            }
        ],
        null
    ],
    "ShaderTexturePrototypeTags": [
        "Prototype_Component_Texture_Path040",
        "",
        "",
        "",
        "",
        "",
        "",
        "",
        "",
        ""
    ],
    "WorldMatrix": {
        "Look": [
            0.0,
            0.0,
            1.0,
            0.0
        ],
        "Position": [
            0.0,
            1.0,
            0.20000000298023224,
            1.0
        ],
        "Right": [
            0.9063077569007874,
            0.4226182699203491,
            0.0,
            0.0
        ],
        "Up": [
            -0.021130913868546486,
            0.04531538859009743,
            0.0,
            0.0
        ]
    },
    "fBloomWeights": 1.3220000267028809,
    "fBrightnessThreshold": 0.32899999618530273,
    "fDelayTime": 0.0,
    "fDropSpeed": 0.0,
    "fDropTargetYPos": 0.0,
    "fPlayTime": 0.3,
    "fScalingSpeedPerSec": 0.0,
    "iLightIndex": -1,
    "iPassIndex": 0,
    "isLoop": false,
    "isScaling": false,
    "isUpdateParentMatrix": true,
    "strModelPrototypeTag": "Prototype_Component_Model_Billboard",
    "strShaderPrototypeTag": "Prototype_Component_Shader_Effect",
    "vScrollSpeedX": 0.0,
    "vScrollSpeedY": 0.0,
    "vTargetScale": {
        "X": 1.0,
        "Y": 0.05000000074505806,
        "Z": 1.0
    },
    "vTurnSpeed": {
        "X": 0.0,
        "Y": 0.0,
        "Z": 0.0
    }
}