{
    "ColorKeyFramesArray": [
        [
            {
                "A": 1.0,
                "B": 0.6941176652908325,
                "G": 1.0,
                "R": 0.3490196168422699,
                "TimeRatio": 0.0
            }
        ],
        null
    ],
    "ShaderTexturePrototypeTags": [
        "Prototype_Component_Texture_Path007",
        "",
        "",
        "",
        "",
        "",
        "",
        "",
        "",
        ""
    ],
    "WorldMatrix": {
        "Look": [
            -0.25881901383399963,
            -0.026146724820137024,
            0.14942920207977295,
            0.0
        ],
        "Position": [
            -0.20000000298023224,
            0.25,
            0.9,
            1.0
        ],
        "Right": [
            0.14999999105930328,
            0.0,
            0.25980764627456665,
            0.0
        ],
        "Up": [
            -0.02264373004436493,
            0.2988584637641907,
            0.013073362410068512,
            0.0
        ]
    },
    "fBloomWeights": 1.0,
    "fBrightnessThreshold": 0.5,
    "fDelayTime": 3.150000047683716,
    "fDropSpeed": 0.0,
    "fDropTargetYPos": 0.0,
    "fPlayTime": 1.0,
    "fScalingSpeedPerSec": 0.0,
    "iLightIndex": -1,
    "iPassIndex": 2,
    "isLoop": false,
    "isScaling": true,
    "isUpdateParentMatrix": true,
    "strModelPrototypeTag": "Prototype_Component_Model_Sting",
    "strShaderPrototypeTag": "Prototype_Component_Shader_Effect",
    "vScrollSpeedX": 3.134999990463257,
    "vScrollSpeedY": 0.0,
    "vTargetScale": {
        "X": 0.30000001192092896,
        "Y": 0.30000001192092896,
        "Z": 0.30000001192092896
    },
    "vTurnSpeed": {
        "X": 0.0,
        "Y": 0.0,
        "Z": 0.0
    }
}