{
    "ColorKeyFramesArray": [
        [
            {
                "A": 1.0,
                "B": 0.5745096206665039,
                "G": 1.0,
                "R": 0.14901959896087646,
                "TimeRatio": 0.0
            },
            {
                "A": 1.0,
                "B": 0.08408533036708832,
                "G": 0.10784316062927246,
                "R": 0.006872356403619051,
                "TimeRatio": 0.699999988079071
            }
        ],
        null
    ],
    "ShaderTexturePrototypeTags": [
        "Prototype_Component_Texture_FX_DebiMarleme_11",
        "Prototype_Component_Texture_Mask114",
        "Prototype_Component_Texture_Noise101",
        "",
        "",
        "",
        "",
        "",
        "",
        ""
    ],
    "WorldMatrix": {
        "Look": [
            -0.008988692425191402,
            0.19318518042564392,
            0.05097740516066551,
            0.0
        ],
        "Position": [
            1.2000000476837158,
            2.1,
            0.7,
            1.0
        ],
        "Right": [
            0.033546220511198044,
            0.05176380276679993,
            -0.19025026261806488,
            0.0
        ],
        "Up": [
            -1.477211594581604,
            -4.62804514711479e-08,
            -0.26047205924987793,
            0.0
        ]
    },
    "fBloomWeights": 0.9390000104904175,
    "fBrightnessThreshold": 0.14100000262260437,
    "fDelayTime": 0.750000011920929,
    "fDropSpeed": 0.0,
    "fDropTargetYPos": 0.0,
    "fPlayTime": 0.4000000059604645,
    "fScalingSpeedPerSec": 7.0,
    "iLightIndex": -1,
    "iPassIndex": 1,
    "isLoop": false,
    "isScaling": true,
    "isUpdateParentMatrix": true,
    "strModelPrototypeTag": "Prototype_Component_Model_Effect_Bash",
    "strShaderPrototypeTag": "Prototype_Component_Shader_Effect_Anim",
    "vScrollSpeedX": 0.0,
    "vScrollSpeedY": -3.6549999713897705,
    "vTargetScale": {
        "X": 1.5,
        "Y": 1.5,
        "Z": 1.5
    },
    "vTurnSpeed": {
        "X": 0.0,
        "Y": 0.0,
        "Z": 0.0
    }
}