{
    "ColorKeyFramesArray": [
        [
            {
                "A": 1.0,
                "B": 0.5745096206665039,
                "G": 1.0,
                "R": 0.14901959896087646,
                "TimeRatio": 0.0
            },
            {
                "A": 1.0,
                "B": 0.4019607901573181,
                "G": 1.0,
                "R": 0.8944637179374695,
                "TimeRatio": 1.0
            }
        ],
        null
    ],
    "ShaderTexturePrototypeTags": [
        "Prototype_Component_Texture_FX_DebiMarleme_11",
        "Prototype_Component_Texture_Mask114",
        "Prototype_Component_Texture_Noise101",
        "",
        "",
        "",
        "",
        "",
        "",
        ""
    ],
    "WorldMatrix": {
        "Look": [
            -0.6830127239227295,
            -0.2588190734386444,
            0.6830126643180847,
            0.0
        ],
        "Position": [
            -0.5,
            1.5,
            0.9,
            1.0
        ],
        "Right": [
            -0.7071067690849304,
            0.0,
            -0.7071068286895752,
            0.0
        ],
        "Up": [
            0.1830127090215683,
            -0.9659258723258972,
            -0.1830126941204071,
            0.0
        ]
    },
    "fBloomWeights": 0.9390000104904175,
    "fBrightnessThreshold": 0.06400000303983688,
    "fDelayTime": 1.45,
    "fDropSpeed": 0.0,
    "fDropTargetYPos": 0.0,
    "fPlayTime": 0.4000000059604645,
    "fScalingSpeedPerSec": 0.0,
    "iLightIndex": -1,
    "iPassIndex": 1,
    "isLoop": false,
    "isScaling": false,
    "isUpdateParentMatrix": true,
    "strModelPrototypeTag": "Prototype_Component_Model_Effect_Bash",
    "strShaderPrototypeTag": "Prototype_Component_Shader_Effect_Anim",
    "vScrollSpeedX": 0.0,
    "vScrollSpeedY": -3.6549999713897705,
    "vTargetScale": {
        "X": 1.0,
        "Y": 1.0,
        "Z": 1.0
    },
    "vTurnSpeed": {
        "X": 0.0,
        "Y": 0.0,
        "Z": 0.0
    }
}