{
    "ColorKeyFramesArray": [
        [
            {
                "A": 1.0,
                "B": 0.649653971195221,
                "G": 1.0,
                "R": 0.3382353186607361,
                "TimeRatio": 0.0
            }
        ],
        null
    ],
    "ShaderTexturePrototypeTags": [
        "Prototype_Component_Texture_Daoguang109",
        "",
        "",
        "",
        "",
        "",
        "",
        "",
        "",
        ""
    ],
    "WorldMatrix": {
        "Look": [
            -0.25846484303474426,
            -0.05233605206012726,
            0.9646018147468567,
            0.0
        ],
        "Position": [
            0.0,
            0.949999988079071,
            0.3,
            1.0
        ],
        "Right": [
            -0.9659256339073181,
            0.0,
            -0.25881972908973694,
            0.0
        ],
        "Up": [
            0.013545532710850239,
            -0.9986295700073242,
            -0.050552625209093094,
            0.0
        ]
    },
    "fBloomWeights": 1.2400000095367432,
    "fBrightnessThreshold": 0.050999999046325684,
    "fDelayTime": 0.0,
    "fDropSpeed": 0.0,
    "fDropTargetYPos": 0.0,
    "fPlayTime": 8.0,
    "fScalingSpeedPerSec": 0.0,
    "iLightIndex": -1,
    "iPassIndex": 0,
    "isLoop": false,
    "isScaling": false,
    "isUpdateParentMatrix": true,
    "strModelPrototypeTag": "Prototype_Component_Model_Daoguang004",
    "strShaderPrototypeTag": "Prototype_Component_Shader_Effect",
    "vScrollSpeedX": 0.0,
    "vScrollSpeedY": 0.0,
    "vTargetScale": {
        "X": 1.0,
        "Y": 1.0,
        "Z": 1.0
    },
    "vTurnSpeed": {
        "X": 0.0,
        "Y": 0.0,
        "Z": 0.0
    }
}