{
    "ColorKeyFramesArray": [
        [
            {
                "A": 1.0,
                "B": 0.8666666746139526,
                "G": 1.0,
                "R": 0.7411764860153198,
                "TimeRatio": 0.0
            },
            {
                "A": 1.0,
                "B": 0.4019607901573181,
                "G": 1.0,
                "R": 0.8944637179374695,
                "TimeRatio": 1.0
            }
        ],
        null
    ],
    "ShaderTexturePrototypeTags": [
        "Prototype_Component_Texture_FX_DebiMarleme_11",
        "Prototype_Component_Texture_Mask114",
        "Prototype_Component_Texture_Noise101",
        "",
        "",
        "",
        "",
        "",
        "",
        ""
    ],
    "WorldMatrix": {
        "Look": [
            -0.3447200059890747,
            0.5785087943077087,
            0.5970726013183594,
            0.0
        ],
        "Position": [
            0.699999988079071,
            1.899999976158142,
            0.9,
            1.0
        ],
        "Right": [
            -0.13920967280864716,
            0.5970726013183594,
            -0.6588816046714783,
            0.0
        ],
        "Up": [
            -0.8196271657943726,
            -0.34471994638442993,
            -0.1392098069190979,
            0.0
        ]
    },
    "fBloomWeights": 1.159999966621399,
    "fBrightnessThreshold": 0.06400000303983688,
    "fDelayTime": 1.0199999928474426,
    "fDropSpeed": 0.0,
    "fDropTargetYPos": 0.0,
    "fPlayTime": 0.4000000059604645,
    "fScalingSpeedPerSec": 0.0,
    "iLightIndex": -1,
    "iPassIndex": 1,
    "isLoop": false,
    "isScaling": false,
    "isUpdateParentMatrix": true,
    "strModelPrototypeTag": "Prototype_Component_Model_Effect_Bash",
    "strShaderPrototypeTag": "Prototype_Component_Shader_Effect_Anim",
    "vScrollSpeedX": 0.0,
    "vScrollSpeedY": -3.6549999713897705,
    "vTargetScale": {
        "X": 0.8999999761581421,
        "Y": 0.8999999761581421,
        "Z": 0.8999999761581421
    },
    "vTurnSpeed": {
        "X": 0.0,
        "Y": 0.0,
        "Z": 0.0
    }
}