{
  "ColorKeyFramesArray": [
    [
      {
        "A": 1.0,
        "B": 0.16078431904315948,
        "G": 0.0941176488995552,
        "R": 0.8392156958580017,
        "TimeRatio": 0.0
      },
      {
        "A": 1.0,
        "B": 0.0,
        "G": 0.0,
        "R": 0.08823531866073608,
        "TimeRatio": 0.20000000298023224
      },
      {
        "A": 1.0,
        "B": 0.07575143128633499,
        "G": 0.041810836642980576,
        "R": 0.4264705777168274,
        "TimeRatio": 0.5
      },
      {
        "A": 1.0,
        "B": 0.016291813924908638,
        "G": 0.009803918190300465,
        "R": 0.08333331346511841,
        "TimeRatio": 1.0
      }
    ],
    null
  ],
  "ShaderTexturePrototypeTags": [
    "Prototype_Component_Texture_FX_DebiMarleme_11",
    "Prototype_Component_Texture_Mask114",
    "Prototype_Component_Texture_Noise101",
    "",
    "",
    "",
    "",
    "",
    "",
    ""
  ],
  "WorldMatrix": {
    "Look": [
      -0.4264342486858368,
      -0.08682407438755035,
      0.2462019920349121,
      0.0
    ],
    "Position": [
      -0.25,
      1.7999999523162842,
      0.9,
      1.0
    ],
    "Right": [
      -0.2606402039527893,
      0.16841207444667816,
      -0.3920511305332184,
      0.0
    ],
    "Up": [
      -0.029695676639676094,
      -0.9254165291786194,
      -0.377786248922348,
      0.0
    ]
  },
  "fBloomWeights": 2.569000005722046,
  "fBrightnessThreshold": 0.06400000303983688,
  "fDelayTime": 0.6,
  "fPlayTime": 0.5,
  "fScalingSpeedPerSec": 3.0,
  "iLightIndex": -1,
  "iPassIndex": 1,
  "isLoop": false,
  "isUpdateParentMatrix": true,
  "isScaling": false,
  "strModelPrototypeTag": "Prototype_Component_Model_Effect_Bash",
  "strShaderPrototypeTag": "Prototype_Component_Shader_Effect_Anim",
  "vScrollSpeedX": 0.0,
  "vScrollSpeedY": -4.460999965667725,
  "vTargetScale": {
    "X": 1.0,
    "Y": 1.0,
    "Z": 1.0
  },
  "vTurnSpeed": {
    "X": 0.0,
    "Y": 0.0,
    "Z": 0.0
  }
}