{
  "ColorKeyFramesArray": [
    [
      {
        "A": 1.0,
        "B": 0.14705896377563477,
        "G": 0.0,
        "R": 1.0,
        "TimeRatio": 0.0
      },
      {
        "A": 1.0,
        "B": 0.15821121633052826,
        "G": 0.1564302146434784,
        "R": 0.1715686321258545,
        "TimeRatio": 0.20000000298023224
      },
      {
        "A": 1.0,
        "B": 0.0,
        "G": 0.0,
        "R": 0.0,
        "TimeRatio": 0.5099999904632568
      },
      {
        "A": 1.0,
        "B": 0.20588254928588867,
        "G": 0.0,
        "R": 1.0,
        "TimeRatio": 1.0
      }
    ],
    null
  ],
  "ShaderTexturePrototypeTags": [
    "Prototype_Component_Texture_FX_DebiMarleme_11",
    "Prototype_Component_Texture_Mask114",
    "Prototype_Component_Texture_Noise101",
    "",
    "",
    "",
    "",
    "",
    "",
    ""
  ],
  "WorldMatrix": {
    "Look": [
      0.13289260864257813,
      0.06840403378009796,
      0.13289260864257813,
      0.0
    ],
    "Position": [
      0.699999988079071,
      0.10000000149011612,
      0.9,
      1.0
    ],
    "Right": [
      0.14509885013103485,
      -0.01637992449104786,
      -0.13666759431362152,
      0.0
    ],
    "Up": [
      -0.17929604649543762,
      0.9361168146133423,
      -0.30255287885665894,
      0.0
    ]
  },
  "fBloomWeights": 2.0169999599456787,
  "fBrightnessThreshold": 0.03700000047683716,
  "fDelayTime": 0.02,
  "fPlayTime": 0.4000000059604645,
  "fScalingSpeedPerSec": 5.0,
  "iLightIndex": -1,
  "iPassIndex": 1,
  "isLoop": false,
  "isUpdateParentMatrix": true,
  "isScaling": false,
  "strModelPrototypeTag": "Prototype_Component_Model_Effect_Bash",
  "strShaderPrototypeTag": "Prototype_Component_Shader_Effect_Anim",
  "vScrollSpeedX": 5.171999931335449,
  "vScrollSpeedY": -6.896999835968018,
  "vTargetScale": {
    "X": 1.0,
    "Y": 1.0,
    "Z": 1.0
  },
  "vTurnSpeed": {
    "X": 0.0,
    "Y": 0.0,
    "Z": 0.0
  }
}