{
  "ColorKeyFramesArray": [
    [
      {
        "A": 1.0,
        "B": 0.16078431904315948,
        "G": 0.0941176488995552,
        "R": 0.8392156958580017,
        "TimeRatio": 0.0
      },
      {
        "A": 1.0,
        "B": 0.0,
        "G": 0.0,
        "R": 0.08823531866073608,
        "TimeRatio": 0.20000000298023224
      },
      {
        "A": 1.0,
        "B": 0.07575143128633499,
        "G": 0.041810836642980576,
        "R": 0.4264705777168274,
        "TimeRatio": 0.5
      },
      {
        "A": 1.0,
        "B": 0.016291813924908638,
        "G": 0.009803918190300465,
        "R": 0.08333331346511841,
        "TimeRatio": 1.0
      }
    ],
    null
  ],
  "ShaderTexturePrototypeTags": [
    "Prototype_Component_Texture_FX_DebiMarleme_11",
    "Prototype_Component_Texture_Mask114",
    "Prototype_Component_Texture_Noise101",
    "",
    "",
    "",
    "",
    "",
    "",
    ""
  ],
  "WorldMatrix": {
    "Look": [
      0.49658459424972534,
      0.4015035033226013,
      0.2867031693458557,
      0.0
    ],
    "Position": [
      0.699999988079071,
      0.44999998807907104,
      0.9,
      1.0
    ],
    "Right": [
      0.28430306911468506,
      0.09957097470760345,
      -0.6318681240081787,
      0.0
    ],
    "Up": [
      -0.5760093927383423,
      0.8067072629928589,
      -0.13204751908779144,
      0.0
    ]
  },
  "fBloomWeights": 2.5969998836517334,
  "fBrightnessThreshold": 0.164000004529953,
  "fDelayTime": 0.23000000417232513,
  "fPlayTime": 0.5,
  "fScalingSpeedPerSec": 3.0,
  "iLightIndex": -1,
  "iPassIndex": 1,
  "isLoop": false,
  "isUpdateParentMatrix": true,
  "isScaling": true,
  "strModelPrototypeTag": "Prototype_Component_Model_Effect_Bash",
  "strShaderPrototypeTag": "Prototype_Component_Shader_Effect_Anim",
  "vScrollSpeedX": 0.0,
  "vScrollSpeedY": -4.460999965667725,
  "vTargetScale": {
    "X": 0.699999988079071,
    "Y": 1.0,
    "Z": 0.699999988079071
  },
  "vTurnSpeed": {
    "X": 0.0,
    "Y": 0.0,
    "Z": 0.0
  }
}