{
  "ColorKeyFramesArray": [
    [
      {
        "A": 0.5882353186607361,
        "B": 0.30980393290519714,
        "G": 0.30980393290519714,
        "R": 0.30980393290519714,
        "TimeRatio": 0.0
      },
      {
        "A": 0.0,
        "B": 0.30980393290519714,
        "G": 0.30980393290519714,
        "R": 0.30980393290519714,
        "TimeRatio": 1.0
      }
    ],
    null
  ],
  "ShaderTexturePrototypeTags": [
    "Prototype_Component_Texture_Mask901",
    "Prototype_Component_Texture_Mask901",
    "",
    "",
    "",
    "",
    "",
    "",
    "",
    ""
  ],
  "WorldMatrix": {
    "Look": [
      0.0,
      0.0,
      4.5,
      0.0
    ],
    "Position": [
      0.0,
      0.10000000149011612,
      0.0,
      1.0
    ],
    "Right": [
      -2.3841860752327193e-07,
      -2.0,
      0.0,
      0.0
    ],
    "Up": [
      4.5,
      -5.364418598219345e-07,
      -0.0,
      0.0
    ]
  },
  "fBloomWeights": 0.0,
  "fBrightnessThreshold": 0.5,
  "fDelayTime": 0.25000000596046448,
  "fPlayTime": 1.0,
  "fScalingSpeedPerSec": 1.5,
  "iLightIndex": -1,
  "iPassIndex": 5,
  "isLoop": false,
  "isUpdateParentMatrix": false,
  "isScaling": true,
  "strModelPrototypeTag": "Prototype_Component_Model_Boss0206",
  "strShaderPrototypeTag": "Prototype_Component_Shader_Effect",
  "vScrollSpeedX": -0.6010000109672546,
  "vScrollSpeedY": 0.0,
  "vTargetScale": {
    "X": 2.0,
    "Y": 6.0,
    "Z": 6.0
  },
  "vTurnSpeed": {
    "X": 0.0,
    "Y": 0.0,
    "Z": 0.0
  }
}