{
  "ColorKeyFramesArray": [
    [
      {
        "A": 1.0,
        "B": 0.23039215803146362,
        "G": 0.23039215803146362,
        "R": 0.23039215803146362,
        "TimeRatio": 0.0
      },
      {
        "A": 0.7843137383460999,
        "B": 0.23137255012989044,
        "G": 0.23137255012989044,
        "R": 0.23137255012989044,
        "TimeRatio": 0.5
      },
      {
        "A": 0.3921568691730499,
        "B": 0.4901960790157318,
        "G": 0.4901960790157318,
        "R": 0.4901960790157318,
        "TimeRatio": 1.0
      }
    ],
    null
  ],
  "ShaderTexturePrototypeTags": [
    "Prototype_Component_Texture_Yuan021",
    "",
    "",
    "",
    "",
    "",
    "",
    "",
    "",
    ""
  ],
  "WorldMatrix": {
    "Look": [
      -0.0,
      -1.0,
      -1.1920930376163597e-07,
      0.0
    ],
    "Position": [
      0.0,
      0.01,
      -2.0,
      1.0
    ],
    "Right": [
      1.0,
      -0.0,
      0.0,
      0.0
    ],
    "Up": [
      0.0,
      -1.1920930376163597e-07,
      1.0,
      0.0
    ]
  },
  "fBloomWeights": 0.0,
  "fBrightnessThreshold": 0.5,
  "fDelayTime": 0.25000000596046448,
  "fPlayTime": 1.0,
  "fScalingSpeedPerSec": 0.10000000149011612,
  "iLightIndex": -1,
  "iPassIndex": 0,
  "isLoop": false,
  "isUpdateParentMatrix": false,
  "isScaling": true,
  "strModelPrototypeTag": "Prototype_Component_Model_Billboard",
  "strShaderPrototypeTag": "Prototype_Component_Shader_Effect",
  "vScrollSpeedX": -0.0,
  "vScrollSpeedY": -0.0,
  "vTargetScale": {
    "X": 1.100000023841858,
    "Y": 1.0,
    "Z": 1.100000023841858
  },
  "vTurnSpeed": {
    "X": 0.0,
    "Y": 0.0,
    "Z": 0.0
  }
}