{
    "ColorKeyFramesArray": [
        [
            {
                "A": 1.0,
                "B": 0.3176470696926117,
                "G": 0.3176470696926117,
                "R": 0.3176470696926117,
                "TimeRatio": 0.0
            },
            {
                "A": 0.7843137383460999,
                "B": 0.5607843399047852,
                "G": 0.5607843399047852,
                "R": 0.5607843399047852,
                "TimeRatio": 0.5
            },
            {
                "A": 0.19607843458652496,
                "B": 0.6313725709915161,
                "G": 0.6313725709915161,
                "R": 0.6313725709915161,
                "TimeRatio": 1.0
            }
        ],
        null
    ],
    "ShaderTexturePrototypeTags": [
        "Prototype_Component_Texture_Smoke013RR",
        "",
        "",
        "",
        "",
        "",
        "",
        "",
        "",
        ""
    ],
    "WorldMatrix": {
        "Look": [
            0.0,
            0.0,
            0.20000000298023224,
            0.0
        ],
        "Position": [
            0.0,
            -0.3,
            0.0,
            1.0
        ],
        "Right": [
            0.20000000298023224,
            0.0,
            0.0,
            0.0
        ],
        "Up": [
            0.0,
            0.20000000298023224,
            0.0,
            0.0
        ]
    },
    "fBloomWeights": 0.0,
    "fBrightnessThreshold": 1.0,
    "fDelayTime": 0.0,
    "fDropSpeed": 0.0,
    "fDropTargetYPos": 0.0,
    "fPlayTime": 0.20000000298023224,
    "fScalingSpeedPerSec": 2.0,
    "iLightIndex": -1,
    "iPassIndex": 0,
    "isLoop": false,
    "isBillboard": true,
    "isScaling": false,
    "isUpdateParentMatrix": true,
    "strModelPrototypeTag": "Prototype_Component_Model_Billboard",
    "strShaderPrototypeTag": "Prototype_Component_Shader_Effect",
    "vScrollSpeedX": -0.1,
    "vScrollSpeedY": 0.527999997138977,
    "vTargetScale": {
        "X": 0.40000000298023224,
        "Y": 0.50000001192092896,
        "Z": 0.40000000298023224
    },
    "vTurnSpeed": {
        "X": 0.0,
        "Y": 0.0,
        "Z": 0.0
    }
}