{
  "ColorKeyFramesArray": [
    [
      {
        "A": 1.0,
        "B": 0.1921568512916565,
        "G": 0.2871972322463989,
        "R": 1.0,
        "TimeRatio": 0.0
      },
      {
        "A": 1.0,
        "B": 0.11372549086809158,
        "G": 0.11372549086809158,
        "R": 1.0,
        "TimeRatio": 0.699999988079071
      },
      {
        "A": 0.3921568691730499,
        "B": 0.11372549086809158,
        "G": 0.11372549086809158,
        "R": 1.0,
        "TimeRatio": 1.0
      }
    ],
    null
  ],
  "ShaderTexturePrototypeTags": [
    "Prototype_Component_Texture_Baodian010",
    "",
    "",
    "",
    "",
    "",
    "",
    "",
    "",
    ""
  ],
  "WorldMatrix": {
    "Look": [
      0.0,
      0.0,
      0.10000000149011612,
      0.0
    ],
    "Position": [
      0.0,
      1.0,
      0.30000001192092896,
      1.0
    ],
    "Right": [
      0.10000000149011612,
      0.0,
      0.0,
      0.0
    ],
    "Up": [
      0.0,
      0.05000000074505806,
      0.0,
      0.0
    ]
  },
  "fBloomWeights": 1.2929999828338623,
  "fBrightnessThreshold": 0.04100000113248825,
  "fDelayTime": 0.0,
  "fDropSpeed": 0.0,
  "fDropTargetYPos": 0.0,
  "fPlayTime": 1.0,
  "fScalingSpeedPerSec": 1.0,
  "iLightIndex": -1,
  "iPassIndex": 0,
  "isLoop": false,
  "isBillboard": false,
  "isScaling": false,
  "isUpdateParentMatrix": true,
  "strModelPrototypeTag": "Prototype_Component_Model_Billboard",
  "strShaderPrototypeTag": "Prototype_Component_Shader_Effect",
  "vScrollSpeedX": 0.0,
  "vScrollSpeedY": 0.0,
  "vTargetScale": {
    "X": 1.0,
    "Y": 0.05000000074505806,
    "Z": 1.0
  },
  "vTurnSpeed": {
    "X": 0.0,
    "Y": 0.0,
    "Z": 0.0
  }
}