{
    "ColorKeyFramesArray": [
        [
            {
                "A": 1.0,
                "B": 0.16078431904315948,
                "G": 0.0941176488995552,
                "R": 0.8392156958580017,
                "TimeRatio": 0.0
            },
            {
                "A": 1.0,
                "B": 0.07575143128633499,
                "G": 0.041810836642980576,
                "R": 0.4264705777168274,
                "TimeRatio": 0.5
            },
            {
                "A": 1.0,
                "B": 0.016291813924908638,
                "G": 0.009803918190300465,
                "R": 0.08333331346511841,
                "TimeRatio": 1.0
            }
        ],
        null
    ],
    "ShaderTexturePrototypeTags": [
        "Prototype_Component_Texture_FX_DebiMarleme_11",
        "Prototype_Component_Texture_Mask114",
        "Prototype_Component_Texture_Noise101",
        "",
        "",
        "",
        "",
        "",
        "",
        ""
    ],
    "WorldMatrix": {
        "Look": [
            0.43461957573890686,
            0.18117332458496094,
            0.5179594159126282,
            0.0
        ],
        "Position": [
            0.699999988079071,
            0.5,
            1.5,
            1.0
        ],
        "Right": [
            0.4878184497356415,
            0.17499998211860657,
            -0.47054025530815125,
            0.0
        ],
        "Up": [
            -0.35896381735801697,
            0.9330127239227295,
            -0.025145458057522774,
            0.0
        ]
    },
    "fBloomWeights": 2.4730000495910645,
    "fBrightnessThreshold": 0.06199999898672104,
    "fDelayTime": 0.15000000596046448,
    "fPlayTime": 0.4000000059604645,
    "fScalingSpeedPerSec": 3.0,
    "iLightIndex": -1,
    "iPassIndex": 1,
    "isLoop": false,
    "isScaling": true,
    "strModelPrototypeTag": "Prototype_Component_Model_Effect_Bash1",
    "strShaderPrototypeTag": "Prototype_Component_Shader_Effect_Anim",
    "vScrollSpeedX": 0.0,
    "vScrollSpeedY": -4.6519999504089355,
    "vTargetScale": {
        "X": 1.5,
        "Y": 1.0,
        "Z": 1.5
    },
    "vTurnSpeed": {
        "X": 0.0,
        "Y": 0.0,
        "Z": 0.0
    }
}