{
    "ColorKeyFramesArray": [
        [
            {
                "A": 1.0,
                "B": 0.2269207239151001,
                "G": 0.11053439229726791,
                "R": 0.9019607901573181,
                "TimeRatio": 0.0
            },
            {
                "A": 1.0,
                "B": 0.07650897651910782,
                "G": 0.15583083033561707,
                "R": 0.9754902124404907,
                "TimeRatio": 1.0
            }
        ],
        null
    ],
    "ShaderTexturePrototypeTags": [
        "Prototype_Component_Texture_Mask008"
    ],
    "WorldMatrix": {
        "Look": [
            0.0,
            0.0,
            1.0,
            0.0
        ],
        "Position": [
            0.0,
            0.0,
            5.0,
            1.0
        ],
        "Right": [
            3.0,
            0.0,
            0.0,
            0.0
        ],
        "Up": [
            0.0,
            1.0,
            0.0,
            0.0
        ]
    },
    "fDelayTime": 1.5,
    "fPlayTime": 0.30000001192092896,
    "fScrollSpeed": 2.4709999561309814,
    "iLightIndex": -1,
    "iPassIndex": 0,
    "isLoop": false,
    "strModelPrototypeTag": "Prototype_Component_Model_Effect_Ultimate1",
    "strShaderPrototypeTag": "Prototype_Component_Shader_Effect"
}