{
    "Emitters": [
        {
            "Buffer": {
                "Color": {
                    "Arg1": [
                        0.5,
                        0.6000000238418579,
                        1.0,
                        2.0
                    ],
                    "Arg2": [
                        0.6000000238418579,
                        0.8999999761581421,
                        1.5,
                        2.0
                    ],
                    "SetType": "RANDOMRANGE"
                },
                "Count": 256,
                "LifeTime": {
                    "Arg1": 1.0,
                    "Arg2": 0.0,
                    "SetType": "DIRECTSET"
                },
                "Position": {
                    "Arg1": [
                        0.0,
                        0.0,
                        0.0
                    ],
                    "Arg2": [
                        0.0,
                        0.0,
                        0.0
                    ],
                    "SetType": "UNSET"
                },
                "Rotation": {
                    "Arg1": [
                        0.0,
                        0.0,
                        0.0
                    ],
                    "Arg2": [
                        0.0,
                        0.0,
                        0.0
                    ],
                    "SetType": "UNSET"
                },
                "Scale": {
                    "Arg1": [
                        0.4000000059604645,
                        0.6000000238418579,
                        1.0
                    ],
                    "Arg2": [
                        1.0,
                        1.5,
                        1.0
                    ],
                    "SetType": "RANDOMLINEAR"
                },
                "ShapeLocation": {
                    "Position": [
                        0.0,
                        10.0,
                        0.0
                    ],
                    "Rotation": [
                        0.0,
                        0.0,
                        0.0
                    ],
                    "Scale": [
                        1.0,
                        0.5,
                        1.0
                    ],
                    "Shape": "SPHERE",
                    "Sphere_Radius": 45.0,
                    "Sphere_Surface": 0.5
                },
                "UVSet": {
                    "Count": 1.0,
                    "UV": [
                        1.0,
                        1.0
                    ]
                }
            },
            "DelayTime": 0.07999999821186066,
            "Event": 0,
            "Float": [
                {
                    "Name": "AlphaTest",
                    "Value": 0.0
                },
                {
                    "Name": "BloomThreshold",
                    "Value": 0.0
                },
                {
                    "Name": "ColorScale",
                    "Value": 1.0
                },
                {
                    "Name": "MaskBrightness",
                    "Value": 0.0
                },
                {
                    "Name": "SpawnRate",
                    "Value": 3600.0
                }
            ],
            "Float4": [
                {
                    "Name": "ColorIntensity",
                    "Value": [
                        0.0,
                        0.0,
                        0.20000000298023224,
                        0.0
                    ]
                },
                {
                    "Name": "SubColor",
                    "Value": [
                        0.0,
                        0.10000000149011612,
                        0.10000000149011612,
                        0.0
                    ]
                }
            ],
            "LoopTime": 1,
            "Modules": [
                {
                    "Apply": "TRANSLATION",
                    "Datas": {
                        "Float3": [
                            {
                                "Name": "Amount",
                                "Value": [
                                    0.0,
                                    2.5,
                                    0.0
                                ]
                            }
                        ]
                    },
                    "Init": true,
                    "Module": "LINEAR_VELOCITY",
                    "Order": 0,
                    "Type": "MODULE_TRANSLATION"
                },
                {
                    "Apply": "TRANSLATION",
                    "Datas": {
                        "Float": [
                            {
                                "Name": "Amount",
                                "Value": 50.0
                            },
                            {
                                "Name": "Pull Amount",
                                "Value": -1.0
                            }
                        ],
                        "Float3": [
                            {
                                "Name": "Axis",
                                "Value": [
                                    0.0,
                                    1.0,
                                    0.0
                                ]
                            },
                            {
                                "Name": "Origin Point",
                                "Value": [
                                    0.0,
                                    0.0,
                                    0.0
                                ]
                            }
                        ]
                    },
                    "Init": false,
                    "Module": "VORTEX_ACCELERATION",
                    "Order": 2,
                    "Type": "MODULE_TRANSLATION"
                },
                {
                    "Apply": "TRANSLATION",
                    "Datas": {
                        "Float": [
                            {
                                "Name": "Amount",
                                "Value": 5.0
                            }
                        ]
                    },
                    "Init": false,
                    "Module": "LIMIT_ACCELERATION",
                    "Order": 2,
                    "Type": "MODULE_TRANSLATION"
                },
                {
                    "Apply": "SCALE",
                    "Init": false,
                    "Keyframe": [
                        {
                            "Data": [
                                1.0,
                                1.0,
                                1.0,
                                1.0
                            ],
                            "Time": 0.0
                        },
                        {
                            "Data": [
                                1.0,
                                0.699999988079071,
                                1.0,
                                1.0
                            ],
                            "Time": 0.33000001311302185
                        },
                        {
                            "Data": [
                                1.0,
                                1.0,
                                1.0,
                                1.0
                            ],
                            "Time": 0.6600000262260437
                        },
                        {
                            "Data": [
                                0.5,
                                0.10000000149011612,
                                1.0,
                                1.0
                            ],
                            "Time": 1.0
                        }
                    ],