{
    "Emitters": [
        {
            "Buffer": {
                "Color": {
                    "Arg1": [
                        1.0,
                        1.0,
                        1.0,
                        1.5
                    ],
                    "Arg2": [
                        1.0,
                        1.0,
                        1.0,
                        1.0
                    ],
                    "SetType": "DIRECTSET"
                },
                "Count": 256,
                "LifeTime": {
                    "Arg1": 3.0,
                    "Arg2": 4.0,
                    "SetType": "RANDOMLINEAR"
                },
                "Position": {
                    "Arg1": [
                        0.0,
                        0.0,
                        0.0
                    ],
                    "Arg2": [
                        0.0,
                        0.0,
                        0.0
                    ],
                    "SetType": "UNSET"
                },
                "Rotation": {
                    "Arg1": [
                        0.0,
                        0.0,
                        0.0
                    ],
                    "Arg2": [
                        0.0,
                        0.0,
                        0.0
                    ],
                    "SetType": "UNSET"
                },
                "Scale": {
                    "Arg1": [
                        0.800000011920929,
                        0.800000011920929,
                        1.0
                    ],
                    "Arg2": [
                        1.2000000476837158,
                        1.2000000476837158,
                        1.0
                    ],
                    "SetType": "RANDOMLINEAR"
                },
                "ShapeLocation": {
                    "Box_Surface": 1.0,
                    "Depth": 12.0,
                    "Height": 1.0,
                    "MidX": 0.5,
                    "MidY": 0.0,
                    "MidZ": 0.5,
                    "Position": [
                        0.0,
                        0.0,
                        0.0
                    ],
                    "Rotation": [
                        0.0,
                        0.0,
                        0.0
                    ],
                    "Scale": [
                        4.0,
                        1.0,
                        1.0
                    ],
                    "Shape": "BOX",
                    "Width": 40.0
                },
                "UVSet": {
                    "Count": 1.0,
                    "UV": [
                        1.0,
                        1.0
                    ]
                }
            },
            "DelayTime": 0.0,
            "Event": 0,
            "Float": [
                {
                    "Name": "AlphaTest",
                    "Value": 0.0
                },
                {
                    "Name": "BloomThreshold",
                    "Value": 0.0
                },
                {
                    "Name": "ColorScale",
                    "Value": 1.0
                },
                {
                    "Name": "MaskBrightness",
                    "Value": 1.0
                },
                {
                    "Name": "SpawnRate",
                    "Value": 1800.0
                }
            ],
            "Float4": [
                {
                    "Name": "ColorIntensity",
                    "Value": [
                        0.0,
                        0.0,
                        0.0,
                        0.0
                    ]
                }
            ],
            "LoopTime": 1,
            "Modules": [
                {
                    "Apply": "TRANSLATION",
                    "Datas": {
                        "Float3": [
                            {
                                "Name": "Amount",
                                "Value": [
                                    0.0,
                                    1.2000000476837158,
                                    0.0
                                ]
                            }
                        ]
                    },
                    "Init": true,
                    "Module": "LINEAR_VELOCITY",
                    "Order": 0,
                    "Type": "MODULE_TRANSLATION"
                },
                {
                    "Apply": "SCALE",
                    "Init": false,
                    "Keyframe": [
                        {
                            "Data": [
                                1.0,
                                1.0,
                                1.0,
                                1.0
                            ],
                            "Time": 0.0
                        },
                        {
                            "Data": [
                                0.10000000149011612,
                                0.10000000149011612,
                                1.0,
                                1.0
                            ],
                            "Time": 0.33000001311302185
                        },
                        {
                            "Data": [
                                1.0,
                                1.0,
                                1.0,
                                1.0
                            ],
                            "Time": 0.6600000262260437
                        },
                        {
                            "Data": [
                                0.10000000149011612,
                                0.10000000149011612,
                                1.0,
                                1.0
                            ],
                            "Time": 1.0
                        }
                    ],
                    "Module": "SCALE_KEYFRAME",
                    "Order": 1,
                    "Type": "MODULE_KEYFRAME"
                }
            ],
            "Pooling": "REVIVE",
            "ShaderPass": "DEFAULT_BLOOM",
            "SpawnPosition": "RELATIVE_WORLD",
            "SpawnType": "SPAWN_RATE",
            "Texture": "../Bin/Resources/Textures/Effects/T_FX_CMN_Flash_01.dds",
            "Time": 3.4028234663852886e+38,
            "Transform": [
                1.0,
                0.0,
                0.0,
                0.0,
                0.0,
                1.0,
                0.0,
                0.0,
                0.0,
                0.0,
                1.0,
                0.0,
                0.0,
                0.0,
                0.0,
                1.0
            ],
            "Type": "SPRITE"
        }
    ],
    "Name": "Book_Default",
    "ToolLoopTime": 300.0
}