{
    "Emitters": [
        {
            "Buffer": {
                "Color": {
                    "Arg1": [
                        1.0,
                        1.0,
                        1.0,
                        2.0
                    ],
                    "Arg2": [
                        1.0,
                        1.0,
                        1.0,
                        1.0
                    ],
                    "SetType": "DIRECTSET"
                },
                "Count": 64,
                "LifeTime": {
                    "Arg1": 0.10000000149011612,
                    "Arg2": 0.20000000298023224,
                    "SetType": "RANDOMLINEAR"
                },
                "Position": {
                    "Arg1": [
                        -0.05000000074505806,
                        0.0,
                        -0.05000000074505806
                    ],
                    "Arg2": [
                        0.05000000074505806,
                        0.0,
                        0.05000000074505806
                    ],
                    "SetType": "UNSET"
                },
                "Rotation": {
                    "Arg1": [
                        0.0,
                        0.0,
                        0.0
                    ],
                    "Arg2": [
                        0.0,
                        0.0,
                        360.0
                    ],
                    "SetType": "RANDOMRANGE"
                },
                "Scale": {
                    "Arg1": [
                        0.44999998807907104,
                        0.44999998807907104,
                        1.0
                    ],
                    "Arg2": [
                        0.6000000238418579,
                        0.6000000238418579,
                        1.0
                    ],
                    "SetType": "RANDOMLINEAR"
                },
                "ShapeLocation": {
                    "Position": [
                        0.0,
                        0.0,
                        0.0
                    ],
                    "Rotation": [
                        90.0,
                        0.0,
                        0.0
                    ],
                    "Scale": [
                        1.0,
                        1.0,
                        1.0
                    ],
                    "Shape": "NONE"
                },
                "UVSet": {
                    "Count": 4.0,
                    "UV": [
                        0.5,
                        0.5
                    ]
                }
            },
            "DelayTime": 0.07999999821186066,
            "Event": 0,
            "Float": [
                {
                    "Name": "AlphaTest",
                    "Value": 0.0
                },
                {
                    "Name": "BloomThreshold",
                    "Value": 0.0
                },
                {
                    "Name": "ColorScale",
                    "Value": 1.0
                },
                {
                    "Name": "MaskBrightness",
                    "Value": 0.0
                },
                {
                    "Name": "SpawnRate",
                    "Value": 1500.0
                }
            ],
            "Float4": [
                {
                    "Name": "ColorIntensity",
                    "Value": [
                        0.0,
                        0.0,
                        0.0,
                        0.0
                    ]
                },
                {
                    "Name": "SubColor",
                    "Value": [
                        0.0,
                        0.9089999794960022,
                        1.0,
                        0.0
                    ]
                }
            ],
            "LoopTime": 1,
            "Pooling": "REVIVE",
            "ShaderPass": "ROTATION_BILLBOARD_SUBBLOOM",
            "SpawnPosition": "FOLLOW_PARENT",
            "SpawnType": "SPAWN_RATE",
            "Texture": "../Bin/Resources/Textures/Effects/T_FX_CMN_Flash2x2_02_s.dds",
            "Time": 3.4028234663852886e+38,
            "Transform": [
                1.0,
                0.0,
                0.0,
                0.0,
                0.0,
                1.0,
                0.0,
                0.0,
                0.0,
                0.0,
                1.0,
                0.0,
                0.0,
                0.0,
                0.0,
                1.0
            ],
            "Type": "SPRITE"
        },
        {
            "Buffer": {
                "Color": {
                    "Arg1": [
                        1.0,
                        1.0,
                        1.0,
                        1.7999999523162842
                    ],
                    "Arg2": [
                        1.0,
                        1.0,
                        1.0,
                        1.0
                    ],
                    "SetType": "DIRECTSET"
                },
                "Count": 128,
                "LifeTime": {
                    "Arg1": 0.15000000596046448,
                    "Arg2": 0.20000000298023224,
                    "SetType": "RANDOMLINEAR"
                },
                "Position": {
                    "Arg1": [
                        0.0,
                        0.0,
                        0.0
                    ],
                    "Arg2": [
                        0.0,
                        0.0,
                        0.0
                    ],
                    "SetType": "UNSET"
                },
                "Rotation": {
                    "Arg1": [
                        0.0,
                        0.0,
                        0.0
                    ],
                    "Arg2": [
                        0.0,
                        0.0,
                        0.0
                    ],
                    "SetType": "UNSET"
                },
                "Scale": {
                    "Arg1": [
                        0.07999999821186066,
                        0.15000000596046448,
                        1.0
                    ],
                    "Arg2": [
                        0.10000000149011612,
                        0.20000000298023224,
                        1.0
                    ],
                    "SetType": "RANDOMLINEAR"
                },
                "ShapeLocation": {
                    "Coverage": 0.0,
                    "Position": [
                        0.0,
                        0.0,
                        0.0
                    ],
                    "Ring_Distribution": 0.0,
                    "Ring_Radius": 0.30000001192092896,
                    "Rotation": [
                        90.0,
                        0.0,
                        0.0
                    ],
                    "Scale": [
                        1.0,
                        1.0,
                        1.0
                    ],
                    "Shape": "RING"
                },
                "UVSet": {
                    "Count": 1.0,
                    "UV": [
                        1.0,
                        1.0
                    ]
                }
            },
            "DelayTime": 0.07999999821186066,
            "Event": 0,
            "Float": [
                {
                    "Name": "AlphaTest",
                    "Value": 0.0
                },
                {
                    "Name": "BloomThreshold",
                    "Value": 0.0
                },
                {
                    "Name": "ColorScale",
                    "Value": 1.0
                },
                {
                    "Name": "MaskBrightness",
                    "Value": 0.0
                },
                {
                    "Name": "SpawnRate",