{
    "Emitters": [
        {
            "Buffer": {
                "Color": {
                    "Arg1": [
                        0.800000011920929,
                        0.699999988079071,
                        0.699999988079071,
                        0.699999988079071
                    ],
                    "Arg2": [
                        1.0,
                        1.0,
                        1.0,
                        1.0
                    ],
                    "SetType": "DIRECTSET"
                },
                "Count": 24,
                "LifeTime": {
                    "Arg1": 0.5,
                    "Arg2": 0.6000000238418579,
                    "SetType": "RANDOMLINEAR"
                },
                "Position": {
                    "Arg1": [
                        0.0,
                        -0.05000000074505806,
                        0.0
                    ],
                    "Arg2": [
                        0.0,
                        0.10000000149011612,
                        0.0
                    ],
                    "SetType": "RANDOMRANGE"
                },
                "Rotation": {
                    "Arg1": [
                        0.0,
                        0.0,
                        0.0
                    ],
                    "Arg2": [
                        0.0,
                        0.0,
                        0.0
                    ],
                    "SetType": "UNSET"
                },
                "Scale": {
                    "Arg1": [
                        1.0,
                        1.0,
                        1.0
                    ],
                    "Arg2": [
                        1.5,
                        1.5,
                        1.0
                    ],
                    "SetType": "RANDOMLINEAR"
                },
                "ShapeLocation": {
                    "Coverage": 0.0,
                    "Position": [
                        0.0,
                        0.0,
                        0.0
                    ],
                    "Ring_Distribution": 0.0,
                    "Ring_Radius": 0.20000000298023224,
                    "Rotation": [
                        0.0,
                        0.0,
                        0.0
                    ],
                    "Scale": [
                        1.0,
                        1.0,
                        1.0
                    ],
                    "Shape": "RING"
                },
                "UVSet": {
                    "Count": 1.0,
                    "UV": [
                        1.0,
                        1.0
                    ]
                }
            },
            "DelayTime": 0.009999999776482582,
            "Event": 0,
            "Float": [
                {
                    "Name": "AlphaTest",
                    "Value": 0.0
                },
                {
                    "Name": "ColorScale",
                    "Value": 1.0
                },
                {
                    "Name": "MaskBrightness",
                    "Value": 0.0
                },
                {
                    "Name": "SpawnRate",
                    "Value": 1.0
                }
            ],
            "Float4": [
                {
                    "Name": "ColorIntensity",
                    "Value": [
                        0.0,
                        0.0,
                        0.0,
                        0.0
                    ]
                }
            ],
            "LoopTime": 1,
            "Modules": [
                {
                    "Apply": "UV",
                    "Datas": {
                        "Float2": [
                            {
                                "Name": "Count",
                                "Value": [
                                    8.0,
                                    8.0
                                ]
                            },
                            {
                                "Name": "UVSize",
                                "Value": [
                                    0.125,
                                    0.125
                                ]
                            }
                        ]
                    },
                    "Init": false,
                    "Module": "UV_ANIM",
                    "Order": 0,
                    "Type": "MODULE_UV"
                },
                {
                    "Apply": "COLOR",
                    "Init": false,
                    "Keyframe": [
                        {
                            "Data": [
                                1.0,
                                1.0,
                                1.0,
                                1.0
                            ],
                            "Time": 0.0
                        },
                        {
                            "Data": [
                                1.0,
                                1.0,
                                1.0,
                                0.0
                            ],
                            "Time": 1.0
                        }
                    ],
                    "Module": "COLOR_KEYFRAME",
                    "Order": 1,
                    "Type": "MODULE_KEYFRAME"
                },
                {
                    "Apply": "TRANSLATION",
                    "Datas": {
                        "Float": [
                            {
                                "Name": "Amount",
                                "Value": 5.0
                            }
                        ],
                        "Float3": [
                            {
                                "Name": "Origin",
                                "Value": [
                                    0.0,
                                    -0.05000000074505806,
                                    0.0
                                ]
                            }
                        ]
                    },
                    "Init": true,
                    "Module": "POINT_VELOCITY",
                    "Order": 2,
                    "Type": "MODULE_TRANSLATION"
                }
            ],
            "Pooling": "KILL",
            "ShaderPass": "DEFAULT",
            "SpawnPosition": "RELATIVE_WORLD",
            "SpawnType": "BURST_SPAWN",
            "Texture": "../Bin/Resources/Textures/Effects/T_FX_CMN_SmokeLoop8x8_01_D.dds",
            "Time": 0.5,
            "Transform": [
                1.0,
                0.0,
                0.0,
                0.0,
                0.0,
                1.0,
                0.0,
                0.0,
                0.0,
                0.0,
                1.0,
                0.0,
                0.0,
                0.0,
                0.0,
                1.0
            ],
            "Type": "SPRITE"
        }
    ],
    "Name": "Dust_Jump",
    "ToolLoopTime": 1.0
}