{
    "Emitters": [
        {
            "Buffer": {
                "Color": {
                    "Arg1": [
                        0.800000011920929,
                        0.699999988079071,
                        0.5,
                        1.0
                    ],
                    "Arg2": [
                        0.8999999761581421,
                        0.800000011920929,
                        0.6000000238418579,
                        1.0
                    ],
                    "SetType": "RANDOMLINEAR"
                },
                "Count": 8,
                "LifeTime": {
                    "Arg1": 0.5,
                    "Arg2": 0.0,
                    "SetType": "DIRECTSET"
                },
                "Position": {
                    "Arg1": [
                        0.0,
                        0.0,
                        0.0
                    ],
                    "Arg2": [
                        0.0,
                        0.0,
                        0.0
                    ],
                    "SetType": "UNSET"
                },
                "Rotation": {
                    "Arg1": [
                        0.0,
                        0.0,
                        0.0
                    ],
                    "Arg2": [
                        0.0,
                        0.0,
                        0.0
                    ],
                    "SetType": "UNSET"
                },
                "Scale": {
                    "Arg1": [
                        0.20000000298023224,
                        0.20000000298023224,
                        1.0
                    ],
                    "Arg2": [
                        0.30000001192092896,
                        0.30000001192092896,
                        1.0
                    ],
                    "SetType": "RANDOMLINEAR"
                },
                "ShapeLocation": {
                    "Coverage": 1.0,
                    "Position": [
                        0.0,
                        0.0,
                        0.0
                    ],
                    "Ring_Distribution": 0.0,
                    "Ring_Radius": 0.15000000596046448,
                    "Rotation": [
                        0.0,
                        0.0,
                        0.0
                    ],
                    "Scale": [
                        1.0,
                        1.0,
                        1.0
                    ],
                    "Shape": "RING"
                },
                "UVSet": {
                    "Count": 1.0,
                    "UV": [
                        1.0,
                        1.0
                    ]
                }
            },
            "DelayTime": 0.0,
            "DissolveTexture": "../Bin/Resources/Textures/Effects/T_FX_CMN_Noise_04.dds",
            "Event": 0,
            "Float": [
                {
                    "Name": "AlphaTest",
                    "Value": 0.0
                },
                {
                    "Name": "ColorScale",
                    "Value": 1.0
                },
                {
                    "Name": "DissolveTimeFactor",
                    "Value": 1.0
                },
                {
                    "Name": "EdgeWidth",
                    "Value": 0.10000000149011612
                },
                {
                    "Name": "MaskBrightness",
                    "Value": 0.0
                },
                {
                    "Name": "SpawnRate",
                    "Value": 5.0
                }
            ],
            "Float4": [
                {
                    "Name": "ColorIntensity",
                    "Value": [
                        0.0,
                        0.0,
                        0.0,
                        0.0
                    ]
                },
                {
                    "Name": "EdgeColor",
                    "Value": [
                        1.0,
                        1.0,
                        1.0,
                        1.0
                    ]
                },
                {
                    "Name": "NoiseUVScale",
                    "Value": [
                        0.25,
                        0.25,
                        0.5,
                        0.5
                    ]
                }
            ],
            "LoopTime": 1,
            "Modules": [
                {
                    "Apply": "UV",
                    "Datas": {
                        "Float2": [
                            {
                                "Name": "Count",
                                "Value": [
                                    8.0,
                                    8.0
                                ]
                            },
                            {
                                "Name": "UVSize",
                                "Value": [
                                    0.125,
                                    0.125
                                ]
                            }
                        ]
                    },
                    "Init": false,
                    "Module": "UV_ANIM",
                    "Order": 0,
                    "Type": "MODULE_UV"
                },
                {
                    "Apply": "TRANSLATION",
                    "Datas": {
                        "Float": [
                            {
                                "Name": "Amount",
                                "Value": 1.0
                            }
                        ],
                        "Float3": [
                            {
                                "Name": "Origin",
                                "Value": [
                                    0.0,
                                    -0.10000000149011612,
                                    0.0
                                ]
                            }
                        ]
                    },
                    "Init": true,
                    "Module": "POINT_VELOCITY",
                    "Order": 1,
                    "Type": "MODULE_TRANSLATION"
                }
            ],
            "Pooling": "KILL",
            "ShaderPass": "DEFAULT_DISSOLVE",
            "SpawnPosition": "RELATIVE_POSITION",
            "SpawnType": "BURST_SPAWN",
            "Texture": "../Bin/Resources/Textures/Effects/T_FX_CMN_SmokeLoop8x8_01_D.dds",
            "Time": 3.0,
            "Transform": [
                1.0,
                0.0,
                0.0,
                0.0,
                0.0,
                1.0,
                0.0,
                0.0,
                0.0,
                0.0,
                1.0,
                0.0,
                0.0,
                0.0,
                0.0,
                1.0
            ],
            "Type": "SPRITE"
        }
    ],
    "Name": "Dust_Walk",
    "ToolLoopTime": 1.0
}