{
    "Emitters": [
        {
            "Buffer": {
                "Color": {
                    "Arg1": [
                        2.0,
                        1.100000023841858,
                        1.0,
                        1.7999999523162842
                    ],
                    "Arg2": [
                        1.0,
                        1.0,
                        1.0,
                        1.0
                    ],
                    "SetType": "DIRECTSET"
                },
                "Count": 128,
                "LifeTime": {
                    "Arg1": 0.5,
                    "Arg2": 0.0,
                    "SetType": "DIRECTSET"
                },
                "Position": {
                    "Arg1": [
                        -0.30000001192092896,
                        -0.30000001192092896,
                        0.0
                    ],
                    "Arg2": [
                        0.30000001192092896,
                        0.30000001192092896,
                        0.0
                    ],
                    "SetType": "RANDOMRANGE"
                },
                "Rotation": {
                    "Arg1": [
                        0.0,
                        0.0,
                        0.0
                    ],
                    "Arg2": [
                        0.0,
                        0.0,
                        360.0
                    ],
                    "SetType": "RANDOMRANGE"
                },
                "Scale": {
                    "Arg1": [
                        0.5,
                        0.5,
                        1.0
                    ],
                    "Arg2": [
                        0.800000011920929,
                        0.800000011920929,
                        1.0
                    ],
                    "SetType": "RANDOMLINEAR"
                },
                "ShapeLocation": {
                    "Position": [
                        0.0,
                        0.0,
                        0.0
                    ],
                    "Rotation": [
                        0.0,
                        0.0,
                        0.0
                    ],
                    "Scale": [
                        1.0,
                        1.0,
                        1.0
                    ],
                    "Shape": "NONE"
                },
                "UVSet": {
                    "Count": 4.0,
                    "UV": [
                        0.5,
                        0.5
                    ]
                }
            },
            "DelayTime": 0.07999999821186066,
            "DissolveTexture": "../Bin/Resources/Textures/Effects/T_FX_CMN_Noise_12_s.dds",
            "Event": 0,
            "Float": [
                {
                    "Name": "AlphaTest",
                    "Value": 0.0
                },
                {
                    "Name": "BloomThreshold",
                    "Value": 0.0
                },
                {
                    "Name": "ColorScale",
                    "Value": 1.0
                },
                {
                    "Name": "DissolveFactor",
                    "Value": 0.0
                },
                {
                    "Name": "DissolveTimeFactor",
                    "Value": 1.7999999523162842
                },
                {
                    "Name": "EdgeWidth",
                    "Value": 0.25
                },
                {
                    "Name": "MaskBrightness",
                    "Value": 0.0
                },
                {
                    "Name": "SpawnRate",
                    "Value": 2400.0
                }
            ],
            "Float4": [
                {
                    "Name": "ColorIntensity",
                    "Value": [
                        0.0,
                        0.0,
                        0.0,
                        0.0
                    ]
                },
                {
                    "Name": "EdgeColor",
                    "Value": [
                        1.0,
                        0.10000000149011612,
                        0.0,
                        0.0
                    ]
                },
                {
                    "Name": "NoiseUVScale",
                    "Value": [
                        1.0,
                        1.0,
                        0.0,
                        0.0
                    ]
                },
                {
                    "Name": "SubColor",
                    "Value": [
                        0.10000000149011612,
                        0.00019999999494757503,
                        0.0,
                        0.0
                    ]
                }
            ],
            "LoopTime": 1,
            "Modules": [
                {
                    "Apply": "TRANSLATION",
                    "Datas": {
                        "Float": [
                            {
                                "Name": "Amount",
                                "Value": 10.0
                            }
                        ],
                        "Float3": [
                            {
                                "Name": "Origin",
                                "Value": [
                                    0.0,
                                    0.0,
                                    0.0
                                ]
                            }
                        ]
                    },
                    "Init": true,
                    "Module": "POINT_VELOCITY",
                    "Order": 0,
                    "Type": "MODULE_TRANSLATION"
                },
                {
                    "Apply": "COLOR",
                    "Init": false,
                    "Keyframe": [
                        {
                            "Data": [
                                1.0,
                                1.0,
                                1.0,
                                1.0
                            ],
                            "Time": 0.0
                        },
                        {
                            "Data": [
                                1.0,
                                1.0,
                                1.0,
                                0.800000011920929
                            ],
                            "Time": 0.6000000238418579
                        },
                        {
                            "Data": [
                                1.0,
                                1.0,
                                1.0,
                                0.0
                            ],
                            "Time": 1.0
                        }
                    ],
                    "Module": "COLOR_KEYFRAME",
                    "Order": 1,
                    "Type": "MODULE_KEYFRAME"
                }
            ],
            "Pooling": "REVIVE",
            "ShaderPass": "ROT_SUB_DISSOLVE",
            "SpawnPosition": "ABSOLUTE_WORLD",
            "SpawnType": "SPAWN_RATE",
            "Texture": "../Bin/Resources/Textures/Effects/T_FX_CMN_Fire2x2_01.dds",
            "Time": 3.4028234663852886e+38,
            "Transform": [
                1.0,
                0.0,
                0.0,
                0.0,
                0.0,
                1.0,
                0.0,
                0.0,
                0.0,
                0.0,
                1.0,
                0.0,
                0.0,
                0.0,
                0.0,
                1.0
            ],
            "Type": "SPRITE"
        }
    ],
    "Name": "HomingBallDust",
    "ToolLoopTime": 1200.0
}