{
    "Emitters": [
        {
            "Buffer": {
                "Color": {
                    "Arg1": [
                        1.0,
                        1.2000000476837158,
                        0.0,
                        1.0
                    ],
                    "Arg2": [
                        1.0,
                        1.0,
                        1.0,
                        1.0
                    ],
                    "SetType": "DIRECTSET"
                },
                "Count": 16,
                "LifeTime": {
                    "Arg1": 0.20000000298023224,
                    "Arg2": 0.30000001192092896,
                    "SetType": "RANDOMLINEAR"
                },
                "Position": {
                    "Arg1": [
                        0.0,
                        0.0,
                        0.0
                    ],
                    "Arg2": [
                        0.0,
                        0.0,
                        0.0
                    ],
                    "SetType": "UNSET"
                },
                "Rotation": {
                    "Arg1": [
                        0.0,
                        0.0,
                        0.0
                    ],
                    "Arg2": [
                        0.0,
                        0.0,
                        0.0
                    ],
                    "SetType": "UNSET"
                },
                "Scale": {
                    "Arg1": [
                        3.5,
                        3.5,
                        1.0
                    ],
                    "Arg2": [
                        5.0,
                        5.0,
                        1.0
                    ],
                    "SetType": "RANDOMLINEAR"
                },
                "ShapeLocation": {
                    "Position": [
                        0.0,
                        0.0,
                        0.0
                    ],
                    "Rotation": [
                        0.0,
                        0.0,
                        0.0
                    ],
                    "Scale": [
                        1.0,
                        1.0,
                        1.0
                    ],
                    "Shape": "SPHERE",
                    "Sphere_Radius": 0.6000000238418579,
                    "Sphere_Surface": 0.800000011920929
                },
                "UVSet": {
                    "Count": 4.0,
                    "UV": [
                        0.5,
                        0.5
                    ]
                }
            },
            "DelayTime": 0.05000000074505806,
            "Event": 0,
            "Float": [
                {
                    "Name": "AlphaTest",
                    "Value": 0.0
                },
                {
                    "Name": "BloomThreshold",
                    "Value": 0.0
                },
                {
                    "Name": "ColorScale",
                    "Value": 1.0
                },
                {
                    "Name": "MaskBrightness",
                    "Value": 1.0
                },
                {
                    "Name": "RGBTest",
                    "Value": 0.0
                },
                {
                    "Name": "SpawnRate",
                    "Value": 5.0
                }
            ],
            "Float4": [
                {
                    "Name": "ColorIntensity",
                    "Value": [
                        0.0,
                        0.0,
                        0.0,
                        0.0
                    ]
                }
            ],
            "LoopTime": 1,
            "Modules": [
                {
                    "Apply": "TRANSLATION",
                    "Datas": {
                        "Float": [
                            {
                                "Name": "Amount",
                                "Value": 10.0
                            }
                        ],
                        "Float3": [
                            {
                                "Name": "Origin",
                                "Value": [
                                    0.0,
                                    0.0,
                                    0.0
                                ]
                            }
                        ]
                    },
                    "Init": true,
                    "Module": "POINT_VELOCITY",
                    "Order": 1,
                    "Type": "MODULE_TRANSLATION"
                },
                {
                    "Apply": "SCALE",
                    "Init": false,
                    "Keyframe": [
                        {
                            "Data": [
                                0.30000001192092896,
                                0.30000001192092896,
                                1.0,
                                1.0
                            ],
                            "Time": 0.0
                        },
                        {
                            "Data": [
                                0.25,
                                0.25,
                                1.0,
                                1.0
                            ],
                            "Time": 0.20000000298023224
                        },
                        {
                            "Data": [
                                0.20000000298023224,
                                0.20000000298023224,
                                1.0,
                                1.0
                            ],
                            "Time": 0.6000000238418579
                        },
                        {
                            "Data": [
                                0.009999999776482582,
                                0.009999999776482582,
                                1.0,
                                1.0
                            ],
                            "Time": 1.0
                        }
                    ],
                    "Module": "SCALE_KEYFRAME",
                    "Order": 1,
                    "Type": "MODULE_KEYFRAME"
                }
            ],
            "Pooling": "KILL",
            "ShaderPass": "VELOCITY_BILLBOARD_BLOOM",
            "SpawnPosition": "RELATIVE_WORLD",
            "SpawnType": "BURST_SPAWN",
            "Texture": "../Bin/Resources/Textures/Effects/T_FX_CMN_Dust2x2_01_2.dds",
            "Time": 3.0,
            "Transform": [
                1.0,
                0.0,
                0.0,
                0.0,
                0.0,
                1.0,
                0.0,
                0.0,
                0.0,
                0.0,
                1.0,
                0.0,
                0.0,
                0.5,
                0.0,
                1.0
            ],
            "Type": "SPRITE"
        },
        {
            "Buffer": {
                "Color": {
                    "Arg1": [
                        1.0,
                        1.0,
                        0.0,
                        1.0
                    ],
                    "Arg2": [
                        1.0,
                        1.0,
                        1.0,
                        1.0
                    ],
                    "SetType": "DIRECTSET"
                },
                "Count": 16,
                "LifeTime": {
                    "Arg1": 0.20000000298023224,
                    "Arg2": 0.25,
                    "SetType": "RANDOMLINEAR"
                },
                "Position": {
                    "Arg1": [
                        0.0,
                        0.0,
                        0.0
                    ],