{
    "Emitters": [
        {
            "Buffer": {
                "Color": {
                    "Arg1": [
                        0.30000001192092896,
                        0.30000001192092896,
                        0.800000011920929,
                        1.0
                    ],
                    "Arg2": [
                        1.0,
                        1.0,
                        1.0,
                        1.0
                    ],
                    "SetType": "RANDOMLINEAR"
                },
                "Count": 180,
                "LifeTime": {
                    "Arg1": 3.0,
                    "Arg2": 15.0,
                    "SetType": "DIRECTSET"
                },
                "Module": [
                    {
                        "Amount": 5.0,
                        "Init": true,
                        "Order": 0,
                        "Origin": [
                            0.0,
                            -0.5,
                            0.0
                        ],
                        "Type": "POINT_VELOCITY"
                    },
                    {
                        "Amount": 0.30000001192092896,
                        "Init": false,
                        "Order": 1,
                        "Type": "DRAG"
                    }
                ],
                "Position": {
                    "Arg1": [
                        0.0,
                        0.0,
                        0.0
                    ],
                    "Arg2": [
                        0.0,
                        0.0,
                        0.0
                    ],
                    "SetType": "UNSET"
                },
                "Rotation": {
                    "Arg1": [
                        0.0,
                        0.0,
                        0.0
                    ],
                    "Arg2": [
                        0.0,
                        0.0,
                        0.0
                    ],
                    "SetType": "UNSET"
                },
                "Scale": {
                    "Arg1": [
                        0.5,
                        0.5,
                        0.5
                    ],
                    "Arg2": [
                        0.800000011920929,
                        0.800000011920929,
                        0.800000011920929
                    ],
                    "SetType": "RANDOMLINEAR"
                },
                "ShapeLocation": {
                    "HandleRadius": 1.0,
                    "LargeRadius": 7.748000144958496,
                    "Position": [
                        0.0,
                        0.0,
                        0.0
                    ],
                    "Rotation": [
                        0.0,
                        0.0,
                        0.0
                    ],
                    "Scale": [
                        1.0,
                        1.0,
                        1.0
                    ],
                    "Shape": "TORUS",
                    "U_Distribution": 0.0,
                    "V_Distribution": 0.0
                },
                "Spawn": {
                    "Time": 0.0,
                    "Type": "BURST"
                }
            },
            "Event": 0,
            "LoopTime": 0,
            "Model": "../Bin/Resources/Models/FX/S_FX_CMN_Bird_01.model",
            "Parent": true,
            "PreTransform": [
                -0.006000000052154064,
                0.0,
                0.0,
                0.0,
                0.0,
                0.006000000052154064,
                0.0,
                0.0,
                0.0,
                0.0,
                -0.006000000052154064,
                0.0,
                0.0,
                0.0,
                0.0,
                1.0
            ],
            "Progress": true,
            "Time": 12.0,
            "Type": "MESH"
        }
    ],
    "Name": "Testing3"
}