{
    "Emitters": [
        {
            "Buffer": {
                "Color": {
                    "Arg1": [
                        1.0,
                        1.0,
                        1.0,
                        1.5
                    ],
                    "Arg2": [
                        1.0,
                        1.0,
                        1.0,
                        2.0
                    ],
                    "SetType": "RANDOMRANGE"
                },
                "Count": 128,
                "LifeTime": {
                    "Arg1": 0.25,
                    "Arg2": 0.30000001192092896,
                    "SetType": "RANDOMLINEAR"
                },
                "Position": {
                    "Arg1": [
                        0.0,
                        0.0,
                        0.0
                    ],
                    "Arg2": [
                        0.0,
                        0.0,
                        0.0
                    ],
                    "SetType": "UNSET"
                },
                "Rotation": {
                    "Arg1": [
                        0.0,
                        0.0,
                        0.0
                    ],
                    "Arg2": [
                        0.0,
                        0.0,
                        360.0
                    ],
                    "SetType": "RANDOMLINEAR"
                },
                "Scale": {
                    "Arg1": [
                        0.30000001192092896,
                        0.30000001192092896,
                        1.0
                    ],
                    "Arg2": [
                        0.6000000238418579,
                        0.6000000238418579,
                        1.0
                    ],
                    "SetType": "RANDOMLINEAR"
                },
                "ShapeLocation": {
                    "Position": [
                        0.0,
                        0.0,
                        0.0
                    ],
                    "Rotation": [
                        0.0,
                        0.0,
                        0.0
                    ],
                    "Scale": [
                        1.0,
                        1.0,
                        1.0
                    ],
                    "Shape": "SPHERE",
                    "Sphere_Radius": 0.800000011920929,
                    "Sphere_Surface": 1.0
                },
                "UVSet": {
                    "Count": 1.0,
                    "UV": [
                        1.0,
                        1.0
                    ]
                }
            },
            "DelayTime": 0.07999999821186066,
            "DissolveTexture": "../Bin/Resources/Textures/Effects/T_FX_CMN_Noise_09_s.dds",
            "Event": 0,
            "Float": [
                {
                    "Name": "AlphaTest",
                    "Value": 0.0
                },
                {
                    "Name": "BloomThreshold",
                    "Value": 0.0
                },
                {
                    "Name": "ColorScale",
                    "Value": 1.0
                },
                {
                    "Name": "DissolveFactor",
                    "Value": 0.0
                },
                {
                    "Name": "DissolveTimeFactor",
                    "Value": 1.0
                },
                {
                    "Name": "EdgeWidth",
                    "Value": 0.25
                },
                {
                    "Name": "MaskBrightness",
                    "Value": 0.0
                },
                {
                    "Name": "SpawnRate",
                    "Value": 1.0
                }
            ],
            "Float4": [
                {
                    "Name": "ColorIntensity",
                    "Value": [
                        0.0,
                        0.0,
                        0.0,
                        0.0
                    ]
                },
                {
                    "Name": "EdgeColor",
                    "Value": [
                        0.10000000149011612,
                        0.10000000149011612,
                        0.0,
                        0.0
                    ]
                },
                {
                    "Name": "NoiseUVScale",
                    "Value": [
                        1.0,
                        1.0,
                        1.0,
                        1.0
                    ]
                },
                {
                    "Name": "SubColor",
                    "Value": [
                        0.0002500000118743628,
                        0.0010000000474974513,
                        0.0,
                        0.0
                    ]
                }
            ],
            "LoopTime": 1,
            "Modules": [
                {
                    "Apply": "UV",
                    "Datas": {
                        "Float2": [
                            {
                                "Name": "Count",
                                "Value": [
                                    8.0,
                                    8.0
                                ]
                            },
                            {
                                "Name": "UVSize",
                                "Value": [
                                    0.125,
                                    0.125
                                ]
                            }
                        ]
                    },
                    "Init": false,
                    "Module": "UV_ANIM",
                    "Order": 0,
                    "Type": "MODULE_UV"
                },
                {
                    "Apply": "COLOR",
                    "Init": false,
                    "Keyframe": [
                        {
                            "Data": [
                                1.0,
                                1.0,
                                1.0,
                                1.0
                            ],
                            "Time": 0.0
                        },
                        {
                            "Data": [
                                0.0,
                                0.0,
                                0.0,
                                0.5
                            ],
                            "Time": 1.0
                        }
                    ],
                    "Module": "COLOR_KEYFRAME",
                    "Order": 2,
                    "Type": "MODULE_KEYFRAME"
                },
                {
                    "Apply": "TRANSLATION",
                    "Datas": {
                        "Float": [
                            {
                                "Name": "Amount",
                                "Value": 2.0
                            }
                        ],
                        "Float3": [
                            {
                                "Name": "Origin",
                                "Value": [
                                    0.0,
                                    0.0,
                                    0.0
                                ]
                            }
                        ]
                    },
                    "Init": true,
                    "Module": "POINT_VELOCITY",
                    "Order": 3,
                    "Type": "MODULE_TRANSLATION"
                }
            ],
            "Pooling": "KILL",
            "ShaderPass": "ROT_SUB_DISSOLVE",
            "SpawnPosition": "RELATIVE_WORLD",
            "SpawnType": "BURST_SPAWN",
            "Texture": "../Bin/Resources/Textures/Effects/T_FX_CMN_Fire8x8_01.dds",
            "Time": 3.0,