{
    "Emitters": [
        {
            "Buffer": {
                "Color": {
                    "Arg1": [
                        1.0,
                        1.0,
                        1.0,
                        1.0
                    ],
                    "Arg2": [
                        1.0,
                        1.0,
                        1.0,
                        1.0
                    ],
                    "SetType": "DIRECTSET"
                },
                "Count": 1024,
                "LifeTime": {
                    "Arg1": 0.5,
                    "Arg2": 0.699999988079071,
                    "SetType": "RANDOMLINEAR"
                },
                "Position": {
                    "Arg1": [
                        0.0,
                        0.0,
                        0.0
                    ],
                    "Arg2": [
                        0.0,
                        0.0,
                        0.0
                    ],
                    "SetType": "UNSET"
                },
                "Rotation": {
                    "Arg1": [
                        0.0,
                        0.0,
                        0.0
                    ],
                    "Arg2": [
                        0.0,
                        0.0,
                        0.0
                    ],
                    "SetType": "UNSET"
                },
                "Scale": {
                    "Arg1": [
                        0.6000000238418579,
                        0.6000000238418579,
                        1.0
                    ],
                    "Arg2": [
                        0.800000011920929,
                        0.800000011920929,
                        1.0
                    ],
                    "SetType": "RANDOMLINEAR"
                },
                "ShapeLocation": {
                    "Position": [
                        0.0,
                        0.0,
                        0.0
                    ],
                    "Rotation": [
                        0.0,
                        0.0,
                        0.0
                    ],
                    "Scale": [
                        1.0,
                        1.0,
                        1.0
                    ],
                    "Shape": "NONE"
                },
                "UVSet": {
                    "Count": 1.0,
                    "UV": [
                        1.0,
                        1.0
                    ]
                }
            },
            "DelayTime": 0.0,
            "DissolveTexture": "../Bin/Resources/Textures/Effects/T_FX_CMN_Noise_04.dds",
            "Event": 0,
            "Float": [
                {
                    "Name": "AlphaTest",
                    "Value": 0.0
                },
                {
                    "Name": "ColorScale",
                    "Value": 1.0
                },
                {
                    "Name": "DissolveFactor",
                    "Value": 0.0
                },
                {
                    "Name": "DissolveTimeFactor",
                    "Value": 0.20000000298023224
                },
                {
                    "Name": "EdgeWidth",
                    "Value": 1.0
                },
                {
                    "Name": "MaskBrightness",
                    "Value": 0.0
                },
                {
                    "Name": "SpawnRate",
                    "Value": 400.0
                }
            ],
            "Float4": [
                {
                    "Name": "ColorIntensity",
                    "Value": [
                        0.0,
                        0.0,
                        0.0,
                        0.0
                    ]
                },
                {
                    "Name": "EdgeColor",
                    "Value": [
                        0.0,
                        0.0,
                        0.0,
                        0.0
                    ]
                },
                {
                    "Name": "NoiseUVScale",
                    "Value": [
                        2.0,
                        2.0,
                        0.5,
                        0.5
                    ]
                }
            ],
            "LoopTime": 1,
            "Modules": [
                {
                    "Apply": "UV",
                    "Datas": {
                        "Float2": [
                            {
                                "Name": "Count",
                                "Value": [
                                    8.0,
                                    8.0
                                ]
                            },
                            {
                                "Name": "UVSize",
                                "Value": [
                                    0.125,
                                    0.125
                                ]
                            }
                        ]
                    },
                    "Init": false,
                    "Module": "UV_ANIM",
                    "Order": 0,
                    "Type": "MODULE_UV"
                },
                {
                    "Apply": "TRANSLATION",
                    "Datas": {
                        "Float3": [
                            {
                                "Name": "Amount",
                                "Value": [
                                    0.20000000298023224,
                                    -0.5,
                                    0.0
                                ]
                            }
                        ]
                    },
                    "Init": true,
                    "Module": "LINEAR_VELOCITY",
                    "Order": 1,
                    "Type": "MODULE_TRANSLATION"
                },
                {
                    "Apply": "COLOR",
                    "Init": false,
                    "Keyframe": [
                        {
                            "Data": [
                                1.0,
                                1.0,
                                1.0,
                                0.10000000149011612
                            ],
                            "Time": 0.0
                        },
                        {
                            "Data": [
                                1.0,
                                1.0,
                                1.0,
                                1.0
                            ],
                            "Time": 1.0
                        }
                    ],
                    "Module": "COLOR_KEYFRAME",
                    "Order": 2,
                    "Type": "MODULE_KEYFRAME"
                }
            ],
            "Pooling": "REVIVE",
            "ShaderPass": "DEFAULT_DISSOLVE",
            "SpawnPosition": "ABSOLUTE_WORLD",
            "SpawnType": "SPAWN_RATE",
            "Texture": "../Bin/Resources/Textures/Effects/T_FX_CMN_Smoke8x8_03_D.dds",
            "Time": 3.4028234663852886e+38,
            "Transform": [
                1.0,
                0.0,
                0.0,
                0.0,
                0.0,
                1.0,
                0.0,
                0.0,
                0.0,
                0.0,
                1.0,
                0.0,
                0.0,
                0.0,
                0.0,
                1.0
            ],
            "Type": "SPRITE"
        },
        {
            "Buffer": {
                "Color": {
                    "Arg1": [
                        1.0,
                        1.0,
                        1.0,
                        4.0
                    ],