{
    "fAperture": 7.830999851226807,
    "fBaseBlurPower": 0.06400000303983688,
    "fDofBrightness": 1.9609999656677246,
    "fFocusDistance": 18.9950008392334,
    "fSensorHeight": 6.308000087738037,
    "vBlurColor": {
        "x": 1.100000023841858,
        "y": 1.0,
        "z": 0.9800000190734863
    }
}