{
    "CutScene": [
        {
            "CutScene_Next_CameraType": 3,
            "CutScene_Tag": "Chapter2_Intro",
            "Sector": [
                {
                    "KeyFrames": [
                        {
                            "At": [
                                -27.629791259765625,
                                33.277530670166016,
                                -152.46685791015625
                            ],
                            "At_RatioType": 2,
                            "Is_LookTarget": true,
                            "Position": [
                                464.877197265625,
                                39.816558837890625,
                                -157.923828125
                            ],
                            "TimeStamp": -1.0,
                            "Zoom_Level": 3,
                            "Zoom_RatioType": 2
                        },
                        {
                            "At": [
                                -27.69451904296875,
                                33.27667236328125,
                                -152.4661407470703
                            ],
                            "At_RatioType": 2,
                            "Is_LookTarget": true,
                            "Position": [
                                463.6300048828125,
                                39.79999923706055,
                                -157.91000366210938
                            ],
                            "TimeStamp": 0.0,
                            "Zoom_Level": 3,
                            "Zoom_RatioType": 2
                        },
                        {
                            "At": [
                                -32.037567138671875,
                                34.10365676879883,
                                -153.15628051757813
                            ],
                            "At_RatioType": 2,
                            "Is_LookTarget": true,
                            "Position": [
                                397.0,
                                39.79999923706055,
                                -157.91000366210938
                            ],
                            "TimeStamp": 1.0,
                            "Zoom_Level": 3,
                            "Zoom_RatioType": 2
                        },
                        {
                            "At": [
                                -36.255035400390625,
                                34.71151351928711,
                                -153.66354370117188
                            ],
                            "At_RatioType": 2,
                            "Is_LookTarget": true,
                            "Position": [
                                347.0,
                                39.79999923706055,
                                -157.91000366210938
                            ],
                            "TimeStamp": 2.0,
                            "Zoom_Level": 3,
                            "Zoom_RatioType": 2
                        },
                        {
                            "At": [
                                -39.329071044921875,
                                35.069007873535156,
                                -153.96188354492188
                            ],
                            "At_RatioType": 2,
                            "Is_LookTarget": true,
                            "Position": [
                                317.0,
                                39.79999923706055,
                                -157.91000366210938
                            ],
                            "TimeStamp": 3.0,
                            "Zoom_Level": 3,
                            "Zoom_RatioType": 2
                        },
                        {
                            "At": [
                                -41.650001525878906,
                                33.90999984741211,
                                -152.0800018310547
                            ],
                            "At_RatioType": 2,
                            "Is_LookTarget": true,
                            "Position": [
                                295.0,
                                39.5,
                                -157.5
                            ],
                            "TimeStamp": 4.0,
                            "Zoom_Level": 3,
                            "Zoom_RatioType": 2
                        },
                        {
                            "At": [
                                -44.540000915527344,
                                33.58000183105469,
                                -147.47000122070313
                            ],
                            "At_RatioType": 2,
                            "Is_LookTarget": true,
                            "Position": [
                                270.0,
                                38.79999923706055,
                                -157.0
                            ],
                            "TimeStamp": 5.0,
                            "Zoom_Level": 3,
                            "Zoom_RatioType": 2
                        },
                        {
                            "At": [
                                -46.27000045776367,
                                32.95000076293945,
                                -139.5800018310547
                            ],
                            "At_RatioType": 2,
                            "Is_LookTarget": true,
                            "Position": [
                                240.0,
                                37.70000076293945,
                                -152.0
                            ],
                            "TimeStamp": 6.199999809265137,
                            "Zoom_Level": 3,
                            "Zoom_RatioType": 2
                        },
                        {
                            "At": [
                                -43.09000015258789,
                                29.3700008392334,
                                -98.05999755859375
                            ],
                            "At_RatioType": 2,
                            "Is_LookTarget": true,
                            "Position": [
                                200.0,
                                36.02000045776367,
                                -140.0
                            ],
                            "TimeStamp": 7.400000095367432,
                            "Zoom_Level": 3,
                            "Zoom_RatioType": 2
                        },
                        {
                            "At": [
                                -32.33000183105469,
                                22.6200008392334,
                                -51.689998626708984
                            ],
                            "At_RatioType": 2,
                            "Is_LookTarget": true,
                            "Position": [
                                150.5,
                                34.34000015258789,
                                -120.0
                            ],
                            "TimeStamp": 8.600000381469727,
                            "Zoom_Level": 3,
                            "Zoom_RatioType": 2
                        },
                        {
                            "At": [
                                -20.899999618530273,
                                11.880000114440918,
                                -25.75
                            ],
                            "At_RatioType": 2,
                            "Is_LookTarget": true,
                            "Position": [
                                101.0,
                                32.65999984741211,
                                -91.0
                            ],