{
    "CutScene": [
        {
            "CutScene_Next_CameraType": 1,
            "CutScene_Tag": "Chapter4_Flag",
            "Sector": [
                {
                    "KeyFrames": [
                        {
                            "At": [
                                33.18769836425781,
                                17.710350036621094,
                                10.894121170043945
                            ],
                            "At_RatioType": 2,
                            "Is_LookTarget": true,
                            "Position": [
                                32.9900016784668,
                                24.55000114440918,
                                -3.5399999618530273
                            ],
                            "TimeStamp": -1.0,
                            "Zoom_Level": 3,
                            "Zoom_RatioType": 2
                        },
                        {
                            "At": [
                                33.20220184326172,
                                18.061534881591797,
                                11.125785827636719
                            ],
                            "At_RatioType": 2,
                            "Is_LookTarget": true,
                            "Position": [
                                32.985965728759766,
                                25.049358367919922,
                                -3.541334390640259
                            ],
                            "TimeStamp": 0.0,
                            "Zoom_Level": 3,
                            "Zoom_RatioType": 2
                        },
                        {
                            "At": [
                                30.01095199584961,
                                20.019596099853516,
                                11.918201446533203
                            ],
                            "At_RatioType": 2,
                            "Is_LookTarget": true,
                            "Position": [
                                34.5,
                                27.5,
                                -4.099999904632568
                            ],
                            "TimeStamp": 1.0,
                            "Zoom_Level": 3,
                            "Zoom_RatioType": 2
                        },
                        {
                            "At": [
                                26.99089241027832,
                                22.064971923828125,
                                11.954549789428711
                            ],
                            "At_RatioType": 2,
                            "Is_LookTarget": true,
                            "Position": [
                                36.0,
                                30.0,
                                -4.599999904632568
                            ],
                            "TimeStamp": 2.0,
                            "Zoom_Level": 3,
                            "Zoom_RatioType": 2
                        },
                        {
                            "At": [
                                24.86931800842285,
                                25.849685668945313,
                                12.548473358154297
                            ],
                            "At_RatioType": 2,
                            "Is_LookTarget": true,
                            "Position": [
                                37.486000061035156,
                                32.215999603271484,
                                -5.208000183105469
                            ],
                            "TimeStamp": 3.0,
                            "Zoom_Level": 3,
                            "Zoom_RatioType": 2
                        },
                        {
                            "At": [
                                6.474543571472168,
                                22.508344650268555,
                                11.502397537231445
                            ],
                            "At_RatioType": 2,
                            "Is_LookTarget": true,
                            "Position": [
                                21.096755981445313,
                                29.886640548706055,
                                -9.076618194580078
                            ],
                            "TimeStamp": 4.0,
                            "Zoom_Level": 3,
                            "Zoom_RatioType": 2
                        },
                        {
                            "At": [
                                -16.43699073791504,
                                16.887887954711914,
                                16.813125610351563
                            ],
                            "At_RatioType": 2,
                            "Is_LookTarget": true,
                            "Position": [
                                4.707511901855469,
                                27.55729866027832,
                                -12.945236206054688
                            ],
                            "TimeStamp": 5.0,
                            "Zoom_Level": 3,
                            "Zoom_RatioType": 2
                        },
                        {
                            "At": [
                                -40.99083709716797,
                                10.438730239868164,
                                24.43520736694336
                            ],
                            "At_RatioType": 2,
                            "Is_LookTarget": true,
                            "Position": [
                                -11.681735038757324,
                                25.227956771850586,
                                -16.813854217529297
                            ],
                            "TimeStamp": 6.0,
                            "Zoom_Level": 3,
                            "Zoom_RatioType": 2
                        },
                        {
                            "At": [
                                -66.64118957519531,
                                3.5527591705322266,
                                33.07236862182617
                            ],
                            "At_RatioType": 2,
                            "Is_LookTarget": true,
                            "Position": [
                                -28.392337799072266,
                                22.852941513061523,
                                -20.75832748413086
                            ],
                            "TimeStamp": 7.0,
                            "Zoom_Level": 3,
                            "Zoom_RatioType": 2
                        },
                        {
                            "At": [
                                -68.87652587890625,
                                2.9489898681640625,
                                33.841758728027344
                            ],
                            "At_RatioType": 2,
                            "Is_LookTarget": true,
                            "Position": [
                                -29.83844757080078,
                                22.647411346435547,
                                -21.09967613220215
                            ],
                            "TimeStamp": 8.0,
                            "Zoom_Level": 3,
                            "Zoom_RatioType": 2
                        },
                        {
                            "At": [
                                -68.87652587890625,
                                2.9489898681640625,
                                33.841758728027344
                            ],
                            "At_RatioType": 2,
                            "Is_LookTarget": true,