{
    "CutScene": [
        {
            "CutScene_Next_CameraType": 1,
            "CutScene_Tag": "Great_Humgrump",
            "Sector": [
                {
                    "KeyFrames": [
                        {
                            "At": [
                                11.989999771118164,
                                1.2399921417236328,
                                -17.309995651245117
                            ],
                            "At_RatioType": 2,
                            "Is_LookTarget": true,
                            "Position": [
                                11.989999771118164,
                                22.260000228881836,
                                -27.020000457763672
                            ],
                            "TimeStamp": -1.0,
                            "Zoom_Level": 3,
                            "Zoom_RatioType": 2
                        },
                        {
                            "At": [
                                11.989999771118164,
                                1.2400000095367432,
                                -17.309999465942383
                            ],
                            "At_RatioType": 2,
                            "Is_LookTarget": true,
                            "Position": [
                                11.989999771118164,
                                22.260000228881836,
                                -27.020000457763672
                            ],
                            "TimeStamp": 0.0,
                            "Zoom_Level": 3,
                            "Zoom_RatioType": 2
                        },
                        {
                            "At": [
                                11.789999961853027,
                                1.4099998474121094,
                                -17.59000015258789
                            ],
                            "At_RatioType": 2,
                            "Is_LookTarget": true,
                            "Position": [
                                13.010000228881836,
                                22.3799991607666,
                                -27.65999984741211
                            ],
                            "TimeStamp": 1.0,
                            "Zoom_Level": 3,
                            "Zoom_RatioType": 2
                        },
                        {
                            "At": [
                                10.40000057220459,
                                2.6300010681152344,
                                -19.56999969482422
                            ],
                            "At_RatioType": 2,
                            "Is_LookTarget": true,
                            "Position": [
                                20.15999984741211,
                                23.239999771118164,
                                -32.150001525878906
                            ],
                            "TimeStamp": 2.0,
                            "Zoom_Level": 3,
                            "Zoom_RatioType": 2
                        },
                        {
                            "At": [
                                6.640003204345703,
                                5.94000244140625,
                                -24.93000030517578
                            ],
                            "At_RatioType": 2,
                            "Is_LookTarget": true,
                            "Position": [
                                39.560001373291016,
                                25.56999969482422,
                                -44.33000183105469
                            ],
                            "TimeStamp": 3.0,
                            "Zoom_Level": 3,
                            "Zoom_RatioType": 2
                        },
                        {
                            "At": [
                                0.350006103515625,
                                11.470001220703125,
                                -33.8900032043457
                            ],
                            "At_RatioType": 2,
                            "Is_LookTarget": true,
                            "Position": [
                                71.9800033569336,
                                29.469999313354492,
                                -64.69000244140625
                            ],
                            "TimeStamp": 4.0,
                            "Zoom_Level": 3,
                            "Zoom_RatioType": 2
                        },
                        {
                            "At": [
                                -3.4099960327148438,
                                14.779998779296875,
                                -39.25
                            ],
                            "At_RatioType": 2,
                            "Is_LookTarget": true,
                            "Position": [
                                91.37999725341797,
                                31.799999237060547,
                                -76.87000274658203
                            ],
                            "TimeStamp": 5.0,
                            "Zoom_Level": 3,
                            "Zoom_RatioType": 2
                        },
                        {
                            "At": [
                                -4.79998779296875,
                                16.0,
                                -41.230003356933594
                            ],
                            "At_RatioType": 2,
                            "Is_LookTarget": true,
                            "Position": [
                                98.52999877929688,
                                32.65999984741211,
                                -81.36000061035156
                            ],
                            "TimeStamp": 6.0,
                            "Zoom_Level": 3,
                            "Zoom_RatioType": 2
                        },
                        {
                            "At": [
                                -4.9999847412109375,
                                16.170001983642578,
                                -41.51000213623047
                            ],
                            "At_RatioType": 2,
                            "Is_LookTarget": true,
                            "Position": [
                                99.55000305175781,
                                32.779998779296875,
                                -82.0
                            ],
                            "TimeStamp": 7.0,
                            "Zoom_Level": 3,
                            "Zoom_RatioType": 2
                        },
                        {
                            "At": [
                                -4.988700866699219,
                                16.19778823852539,
                                -41.469444274902344
                            ],
                            "At_RatioType": 2,
                            "Is_LookTarget": true,
                            "Position": [
                                100.68338012695313,
                                32.986053466796875,
                                -82.39400482177734
                            ],
                            "TimeStamp": 90.0,
                            "Zoom_Level": 3,
                            "Zoom_RatioType": 2
                        }
                    ],
                    "Sector_Duration": 0.0,
                    "Sector_Type": 0
                }
            ]
        }
    ],
    "KeyFrame": [
        {
            "At": [
                11.989999771118164,
                1.2400000095367432,
                -17.309999465942383
            ],
            "At_RatioType": 2,
            "Is_LookTarget": true,