{
    "fExposure": 0.4230000078678131,
    "fGamma": 2.106600046157837,
    "fHDRMaxLuminance": 1000.0,
    "fRoughnessToMipFactor": 4.784999847412109,
    "fStrengthIBL": 0.027000000700354576,
    "iSpecularBaseMipLevel": 3,
    "iToneMappingFlag": 0
}