{
    "fExposure": 1.1523000001907349,
    "fGamma": 2.106100082397461,
    "fHDRMaxLuminance": 50.0,
    "fRoughnessToMipFactor": 3.5230000019073486,
    "fStrengthIBL": 0.41499999165534973,
    "iSpecularBaseMipLevel": 1,
    "iToneMappingFlag": 3
}